K,gamma,exact_log_ratio,perturbative_log_ratio
1,0.0001,9.040571652279862,9.05222961999287
1,0.0001102002906587192,8.845177371767,8.857980162234718
1,0.00012144104061266207,8.64967784847443,8.66373268525863
1,0.00013382837973412683,8.454064633397362,8.469487613710406
1,0.00014747926345086223,8.258328910684058,8.275245463258464
1,0.00016252257698418858,8.062461567778698,8.081006860097736
1,0.00017910035222261646,7.866453296170645,7.886772564629622
1,0.0001973691087201132,7.670294730984585,7.692543500210537
1,0.00021750133148008824,7.4739766395873275,7.498320788051791
1,0.00023968709947764182,7.277490171752323,7.304105789583684
1,0.00026413588029581474,7.080827186795057,7.1099001578753676
1,0.00029107850781995444,6.8839806765648905,6.915705900039024
1,0.0003207693616626528,6.6869453073530565,6.72152545295432
1,0.00035348876889636157,6.489718108761204,6.527361775140739
1,0.00038954565076971864,6.292299343470432,6.333218458198245
1,0.0004292804393966292,6.0946935987412925,6.1390998619503865
1,0.00047306829195611276,5.896911148396134,5.945011278281182
1,0.0005213226327498746,5.698969642931919,5.75095912968451
1,0.0005744990565600491,5.500896195074876,5.556951209772179
1,0.0006330996301607743,5.302729938048449,5.362996974447976
1,0.0006976776325964496,5.104525143202979,5.169107894185872
1,0.0007688427789821585,4.90635499094782,4.975297879889087
1,0.0008472669771469127,4.708316091706063,4.78158379718939
1,0.0009336906714712427,4.5105338481472845,4.58798608680377
1,0.0010289298338146565,4.3131687307371465,4.394529511717188
1,0.001133883667538029,4.116423497910246,4.201244055500285
1,0.0012495430973586534,3.920551319545856,4.008165999954933
1,0.0013770001251951986,3.725864644990761,3.815339214398163
1,0.001517458140336036,3.532744480239698,3.622816693037149
1,0.0016722432812747068,3.3416494900804032,3.430662380694246
1,0.001842816956485632,3.1531240143403654,3.238953330033932
1,0.0020307896423553294,2.9678036943400112,3.047782234535423
1,0.0022379360885427394,2.7864169891858044,2.857260379434627
1,0.0024662120743304703,2.609780512224946,2.6675210458554837
1,0.002717772874172606,2.4387859853384253,2.478723388785823
1,0.0029949936067820387,2.27437689386025,2.291056784020026
1,0.0033004916598838646,2.1175138364299286,2.104745598412016
1,0.003637151402358808,1.9691292246507555,1.920054276759294
1,0.004008151417097093,1.830074302423471,1.7372925521626454
1,0.004416994511682568,1.7010640002558013,1.5568204704699968
1,0.004867540790253865,1.5826271674550423,1.379052772016618
1,0.005364044098791477,1.4750703703676482,1.2044619999730322
1,0.005911192187930082,1.3784621169937754,1.0335795192284785
1,0.00651415097249446,1.2926411382250773,0.8669934631606195
1,0.007178613305636679,1.2172480722461057,0.7053425272888696
1,0.007910852728077117,1.1517758844518458,0.5493045669560597
1,0.0087177826999242,1.0956318225391701,0.39957920917926737
1,0.009607021874312009,1.0482032402222572,0.2568642235505574
1,0.010586966029138566,1.008921033887578,0.12182623405803872
1,0.011666867336050574,0.9773170082466542,-0.004932573760727754
1,0.012856921715094902,0.9530744018071093,-0.12290896964227171
1,0.014168365099798567,0.936073488301929,-0.23173074442000807
1,0.015613579521566553,0.9264364470869086,-0.33118230756890177
1,0.017206210014996618,0.9245777645118824,-0.4212202432540505
1,0.018961293447875924,0.93126881012663,-0.5019765076601999
1,0.020895400492211946,0.9477287840687652,-0.5737487783064195
1,0.023026792076721033,0.9757603628314353,-0.6369794188131914
1,0.0253755917979255,1.0179596413442944,-0.6922261061035151
1,0.02796397591768401,1.078051573948187,-0.7401280244046013
1,0.03081638274102205,1.161445609258072,-0.7813715568591908
1,0.03395974335110968,1.2761997098375844,-0.8166587454443335
1,0.037423735879877934,1.4348002288309374,-0.8466807377461703
1,0.04124106571497687,1.6577421418198526,-0.8720973100368017
1,0.04544777428865795,1.9816683130547208,-0.893522587868995
1,0.050083579364019706,2.48164547068413,-0.9115163997857391
1,0.05519225003144003,3.3547701798864153,-0.9265803143329358
1,0.06082201995573401,5.582795586030157,-0.9391572762942647
1,0.06702604277572308,4.832921760428832,-0.9496337986526118
1,0.07386289395588429,2.665517129934429,-0.9583438071710978
1,0.08139712382832602,1.5687924741701273,-0.9655734155165399
1,0.08969986704665296,0.8431172593466396,-0.9715660911202786
1,0.09884951420589624,0.3294273444855236,-0.9765278335423268
1,0.10893245196962958,-0.038339088905550156,-0.9806321188094985
1,0.12004387869220161,-0.2995803326392945,-0.9840244639225942
1,0.13228870323680647,-0.4830850912192268,-0.9868265386635667
1,0.14578253547561118,-0.610968792878734,-0.9891398019328375
1,0.16065277782377413,-0.6998138697191623,-0.9910486723065657
1,0.17703982811310548,-0.7615739411580655,-0.9926232619928789
1,0.1950984051623391,-0.8045964391693303,-0.9939217137243601
1,0.2149990095594233,-0.8345975927952072,-0.9949921843255825
1,0.2369295334478522,-0.8554571220026164,-0.9958745189407553
1,0.26109703451588046,-0.8698056000670498,-0.9966016577669297
1,0.28772969093779666,-0.879434613407402,-0.9972008136929451
1,0.31707895572488665,-0.8855744264554168,-0.9976944552109683
1,0.3494219308264567,-0.8890791207739817,-0.9981011248035855
1,0.385063983396064,-0.8905493644125908,-0.9984361189912875
1,0.42434162892450517,-0.8904138486823365,-0.9987120525066463
1,0.46762570846074836,-0.8889835081791828,-0.9989393257157552
1,0.5153248899186396,-0.8864878221550034,-0.9991265114568417
1,0.5678895265270656,-0.8830992790908727,-0.9992806749017588
1,0.6258159088532511,-0.87894998128938,-0.9994076378423075
1,0.689650950544788,-0.8741429990641398,-0.9995121969255836
1,0.7599973520309762,-0.8687601965703493,-0.9995983037731259
1,0.837519290936706,-0.8628676731157867,-0.9996692135804582
1,0.9229486929350941,-0.856519584734766,-0.999727607671603
1,1.0170921422453234,-0.8497608605106217,-0.9997756945455831
1,1.12083849702134,-0.8426291615074462,-0.9998152931706
1,1.2351672815323365,-0.8351563183906521,-0.9998479016318701
1,1.3611579343700382,-0.8273694083461853,-0.9998747536998189
1,1.5,-0.8192915805815915,-0.9998968654383315
2,0.0001,17.99993367690024,18.015514718084017
2,0.0001102002906587192,17.610197575650947,17.627158877900957
2,0.00012144104061266207,17.220399987135433,17.238837641515918
2,0.00013382837973412683,16.83054801936083,16.850558411823776
2,0.00014747926345086223,16.4406523250358,16.46233017114979
2,0.00016252257698418858,16.0507280424339,16.074163816192293
2,0.00017910035222261646,15.660795943909871,15.686072563032024
2,0.0001973691087201132,15.270883831183117,15.298072436408926
2,0.00021750133148008824,14.881028221547112,14.910182860127666
2,0.00023968709947764182,14.491276373719582,14.522427368506474
2,0.00026413588029581474,14.101688705345367,14.134834462233911
2,0.00029107850781995444,13.712341655038962,13.747438635813534
2,0.0003207693616626528,13.323331038591792,13.36028160787016
2,0.00035348876889636157,12.934775939162254,12.973413789787408
2,0.00038954565076971864,12.546823151644805,12.586896032134337
2,0.0004292804393966292,12.159652167774652,12.200801691613814
2,0.00047306829195611276,11.773480635788964,11.815219063038775
2,0.0005213226327498746,11.388570151098197,11.430254219940503
2,0.0005744990565600491,11.005232127405339,11.04603430213978
2,0.0006330996301607743,10.623833358449378,10.662711276608901
2,0.0006976776325964496,10.244800711978648,10.280466176061363
2,0.0007688427789821585,9.868624212691241,9.8995137838975
2,0.0008472669771469127,9.495857598352458,9.52010767958801
2,0.0009336906714712427,9.127115322579005,9.142545480068756
2,0.0010289298338146565,8.763065000998207,8.767174005534413
2,0.001133883667538029,8.404414543179605,8.394393959670518
2,0.0012495430973586534,8.051893766229476,8.024663547405268
2,0.0013770001251951986,7.706231193782617,7.658500269287126
2,0.001517458140336036,7.3681279679293965,7.296479956081129
2,0.0016722432812747068,7.038232179341577,6.939231983892732
2,0.001842816956485632,6.717118164461553,6.587429602440427
2,0.0020307896423553294,6.405276074309718,6.24177449409067
2,0.0022379360885427394,6.103116990069648,5.902975132147647
2,0.0024662120743304703,5.810997944615224,5.571719261543666
2,0.002717772874172606,5.5292695760345865,5.2486418455174535
2,0.0029949936067820387,5.258347172316892,4.934290960135245
2,0.0033004916598838646,4.998803971752338,4.6290951140942855
2,0.003637151402358808,4.7514839503148565,4.333336003376701
2,0.004008151417097093,4.517629776418726,4.0471305066487595
2,0.004416994511682568,4.299019673056328,3.7704246928814458
2,0.004867540790253865,4.098104257167655,3.503000912456235
2,0.005364044098791477,3.918131719184398,3.2444970779808022
2,0.005911192187930082,3.763250130157271,2.994435511274971
2,0.00651415097249446,3.6385865450267616,2.7522576502957863
2,0.007178613305636679,3.550336308274293,2.5173606551839782
2,0.007910852728077117,3.5059693554970295,2.2891324449236787
2,0.0087177826999242,3.5147964144501636,2.066982669092697
2,0.009607021874312009,3.58939194868616,1.8503682496894913
2,0.010586966029138566,3.7489486793468956,1.6388131472451422
2,0.011666867336050574,4.027382925225094,1.4319227548234705
2,0.012856921715094902,4.49587364729134,1.229393755002143
2,0.014168365099798567,5.347990920810663,1.03102041804204
2,0.015613579521566553,7.586287153542774,0.8366982410013675
2,0.017206210014996618,6.696841525813184,0.6464256003181488
2,0.018961293447875924,4.490718828429237,0.46030377644316234
2,0.020895400492211946,3.298918224525014,0.2785353561781334
2,0.023026792076721033,2.4283141557451433,0.10142066486977086
2,0.0253755917979255,1.7166218415452086,-0.07064843521787845
2,0.02796397591768401,1.1006675529460157,-0.23719827486140588
2,0.03081638274102205,0.5512664090959465,-0.3976876148902906
2,0.03395974335110968,0.05528986034920713,-0.5515272339536383
2,0.037423735879877934,-0.39084765311454284,-0.6981052890758286
2,0.04124106571497687,-0.7844667982174265,-0.83681813142652
2,0.04544777428865795,-1.1196090562151646,-0.9671052472130772
2,0.050083579364019706,-1.3908118498846491,-1.0884858629995293
2,0.05519225003144003,-1.596987052353965,-1.2005937719308948
2,0.06082201995573401,-1.7433944016886151,-1.303206425199486
2,0.06702604277572308,-1.840484107369452,-1.3962645616665137
2,0.07386289395588429,-1.9007381704038533,-1.4798797065102898
2,0.08139712382832602,-1.9357307471148122,-1.5543285845071009
2,0.08969986704665296,-1.95461690096805,-1.6200354588309445
2,0.09884951420589624,-1.9639084055321074,-1.6775451218912911
2,0.10893245196962958,-1.96790295529218,-1.727490324050454
2,0.12004387869220161,-1.9692744100157817,-1.7705576556761966
2,0.13228870323680647,-1.9695935374636946,-1.807455385475234
2,0.14578253547561118,-1.969717562178893,-1.8388857720919087
2,0.16065277782377413,-1.970058791724627,-1.865523227692883
2,0.17703982811310548,-1.9707618449787159,-1.887998685221242
2,0.1950984051623391,-1.971817623878362,-1.906889756897289
2,0.2149990095594233,-1.9731353945203427,-1.922715811390112
2,0.2369295334478522,-1.974587742872762,-1.935936904747804
2,0.26109703451588046,-1.976038156599195,-1.946955503010991
2,0.28772969093779666,-1.9773575328729684,-1.956120055142392
2,0.31707895572488665,-1.9784336435677936,-1.9637296495460541
2,0.3494219308264567,-1.979176127537249,-1.9700391716330627
2,0.385063983396064,-1.979518632520886,-1.975264547621022
2,0.42434162892450517,-1.979419075116363,-1.979587799078029
2,0.46762570846074836,-1.978858422284059,-1.9831617408686615
2,0.5153248899186396,-1.9778376203749133,-1.986114234505095
2,0.5678895265270656,-1.9763705883981402,-1.9885519641271647
2,0.6258159088532511,-1.9744663208407225,-1.9905637386565918
2,0.689650950544788,-1.9720770212925025,-1.992223345933735
2,0.7599973520309762,-1.9689275492074412,-1.9935919969069311
2,0.837519290936706,-1.9638572227228384,-1.9947204033895956
2,0.9229486929350941,-1.951579908886858,-1.9956505339111485
2,1.0170921422453234,-1.8983290739983065,-1.9964170904779925
2,1.12083849702134,-1.2966381881861206,-1.9970487458197694
2,1.2351672815323365,-0.8150394809387738,-1.997569176721284
2,1.3611579343700382,-1.6583787747441274,-1.9979979248455362
2,1.5,-1.7785952045806166,-1.998351112353172
3,0.0001,26.868134946741208,26.881066676751324
3,0.0001102002906587192,26.28503999977438,26.298797509751143
3,0.00012144104061266207,25.702072151000674,25.716636711395058
3,0.00013382837973412683,25.119277337407382,25.13460736527369
3,0.00014747926345086223,24.53671273129191,24.552737432724637
3,0.00016252257698418858,23.954449073652732,23.971060765020518
3,0.00017910035222261646,23.372573410622046,23.389618316877733
3,0.0001973691087201132,22.791192273724917,22.80845959720941
3,0.00021750133148008824,22.210435335688953,22.22764439747589
3,0.00023968709947764182,21.630459556696096,21.647244841938026
3,0.00026413588029581474,21.051453808505045,21.067347806908604
3,0.00029107850781995444,20.473643922595716,20.48805775668698
3,0.0003207693616626528,19.897298050340467,19.909500040734574
3,0.00035348876889636157,19.322732146175237,19.3318246876686
3,0.00038954565076971864,18.750315289325915,18.755210713917997
3,0.0004292804393966292,18.18047445113473,18.179870934643077
3,0.00047306829195611276,17.613698206444855,17.60605721717594
3,0.0005213226327498746,17.050538802796343,17.034066047648682
3,0.0005744990565600491,16.491611977593774,16.464244184680513
3,0.0006330996301607743,15.937594000840257,15.896994046680263
3,0.0006976776325964496,15.389215675824598,15.332778322295642
3,0.0007688427789821585,14.8472535002766,14.772123115404991
3,0.0008472669771469127,14.31251889182182,14.215618757866427
3,0.0009336906714712427,13.785847268990423,13.663917283252765
3,0.0010289298338146565,13.268089723781326,13.117725510918927
3,0.001133883667538029,12.760110810627584,12.577792816108957
3,0.0012495430973586534,12.26279634745977,12.044893034777184
3,0.0013770001251951986,11.7770748393187,11.519800622217298
3,0.001517458140336036,11.303955070515574,11.003262138615009
3,0.0016722432812747068,10.844580636780108,10.49596525546138
3,0.001842816956485632,10.400300008854664,9.998508530375299
3,0.0020307896423553294,9.972748702207486,9.51137586841644
3,0.0022379360885427394,9.563939179412962,9.034919572455102
3,0.0024662120743304703,9.176355650894983,8.569355022771068
3,0.002717772874172606,8.813057172545026,8.114768401141673
3,0.0029949936067820387,8.47780666303477,7.671136827109375
3,0.0033004916598838646,8.175270512022482,7.238358291969988
3,0.003637151402358808,7.911381344889939,6.816287315649664
3,0.004008151417097093,7.694043231192477,6.404771577558842
3,0.004416994511682568,7.534535849697992,6.003684896911071
3,0.004867540790253865,7.450408107916207,5.612952676459825
3,0.005364044098791477,7.471935277505331,5.232567018370656
3,0.005911192187930082,7.658891228425272,4.862589957907321
3,0.00651415097249446,8.157558938788672,4.503144526556888
3,0.007178613305636679,9.54070207329584,4.15439462329389
3,0.007910852728077117,10.66934222499545,3.8165159319786115
3,0.0087177826999242,7.4323537856587265,3.4896613074746217
3,0.009607021874312009,5.932538075570836,3.1739249941222916
3,0.010586966029138566,4.865495473054896,2.8693104888570335
3,0.011666867336050574,4.01011147245115,2.5757065815985785
3,0.012856921715094902,3.2851661999574695,2.2928750036683985
3,0.014168365099798567,2.649912756994617,2.0204513355297156
3,0.015613579521566553,2.079513039122407,1.757958748237793
3,0.017206210014996618,1.5569757886702789,1.5048322745365583
3,0.018961293447875924,1.0702323366561117,1.2604500542263022
3,0.020895400492211946,0.6111189859111015,1.0241675842428863
3,0.023026792076721033,0.1751801763998877,0.7953513715424996
3,0.0253755917979255,-0.23809743490811286,0.5734092816225362
3,0.02796397591768401,-0.6248707376696068,0.3578159688123943
3,0.03081638274102205,-0.9768185243943819,0.14813278078526615
3,0.03395974335110968,-1.2822121025667776,-0.055977729177515645
3,0.037423735879877934,-1.5291172626946832,-0.2547421365054343
3,0.04124106571497687,-1.7103018692110687,-0.44827067536369025
3,0.04544777428865795,-1.827010699596478,-0.6365554459910467
3,0.050083579364019706,-1.8885347538576234,-0.819472065054824
3,0.05519225003144003,-1.9080091403757358,-0.9967848731558977
3,0.06082201995573401,-1.8978047130028237,-1.1681561410311625
3,0.06702604277572308,-1.8668934231606897,-1.3331599361373851
3,0.07386289395588429,-1.8201658900967246,-1.4913013361417131
3,0.08139712382832602,-1.758627918916762,-1.6420414243631392
3,0.08969986704665296,-1.6795436167953604,-1.7848279234817401
3,0.09884951420589624,-1.5758955532583272,-1.9191304328890961
3,0.10893245196962958,-1.4344519444899788,-2.0444781493715998
3,0.12004387869220161,-1.230854073851095,-2.160496904322052
3,0.13228870323680647,-0.9169321912978603,-2.2669416592542015
3,0.14578253547561118,-0.3815854486792425,-2.363720569287725
3,0.16065277782377413,0.730672349104271,-2.4509075151660014
3,0.17703982811310548,9.470941448300628,-2.5287415372567867
3,0.1950984051623391,0.20757041269680343,-2.597613541924172
3,0.2149990095594233,-1.2716242759504013,-2.658042503066902
3,0.2369295334478522,-2.0468055499461144,-2.7106446921701566
3,0.26109703451588046,-2.4715744491966234,-2.7560999785333786
3,0.28772969093779666,-2.699660769955189,-2.795118952314956
3,0.31707895572488665,-2.821140552562829,-2.828413758313946
3,0.3494219308264567,-2.8864637077889483,-2.8566744059802356
3,0.385063983396064,-2.9221819733510177,-2.8805512329588177
3,0.42434162892450517,-2.941955811565185,-2.900643336911248
3,0.46762570846074836,-2.9528459924244768,-2.917492228760276
3,0.5153248899186396,-2.958564529874831,-2.9315796849223643
3,0.5678895265270656,-2.9611044146441703,-2.9433287219058295
3,0.6258159088532511,-2.9615598099785903,-2.953106705408744
3,0.689650950544788,-2.9605463073029075,-2.961229768141618
3,0.7599973520309762,-2.958420996268231,-2.9679678949467223
3,0.837519290936706,-2.9554000610169027,-2.9735502086277625
3,0.9229486929350941,-2.951622606602646,-2.9781701391353224
3,1.0170921422453234,-2.947185606763476,-2.981990277029997
3,1.12083849702134,-2.9421630381980997,-2.985146800490709
3,1.2351672815323365,-2.9366162402359794,-2.9877534276951145
3,1.3611579343700382,-2.9305993856430668,-2.989904888347197
3,1.5,-2.9241622563090957,-2.9916799344951706
4,0.0001,35.69676186990647,35.7004551843178
4,0.0001102002906587192,34.92128502309443,34.924466459275685
4,0.00012144104061266207,34.14626333628792,34.14870075160982
4,0.00013382837973412683,33.37180223999132,33.37320528046578
4,0.00014747926345086223,32.5980288033033,32.598037108762824
4,0.00016252257698418858,31.825095592182088,31.823265123330444
4,0.00017910035222261646,31.053185021677102,31.0489723797606
4,0.0001973691087201132,30.28251418841444,30.275258863373537
4,0.00021750133148008824,29.513340132233097,29.50224471721014
4,0.00023968709947764182,28.745965424251203,28.73007398281625
4,0.00026413588029581474,27.98074391461749,27.958918887253798
4,0.00029107850781995444,27.21808639743348,27.188984686913276
4,0.0003207693616626528,26.45846587249477,26.42051504109435
4,0.00035348876889636157,25.702422016844885,25.65379783100917
4,0.00038954565076971864,24.950564448621577,24.889171257651746
4,0.0004292804393966292,24.203574404492237,24.127029940509033
4,0.00047306829195611276,23.462204601062368,23.36783059681263
4,0.0005213226327498746,22.727277349831404,22.612096712289937
4,0.0005744990565600491,21.999681469648806,21.86042143365886
4,0.0006330996301607743,21.28036918061808,21.11346774989653
4,0.0006976776325964496,20.570354905754506,20.371964931887426
4,0.0007688427789821585,19.870718625584146,19.6367002352777
4,0.0008472669771469127,19.18261695305206,18.90850511596129
4,0.0009336906714712427,18.507305249679376,18.18823572682862
4,0.0010289298338146565,17.84617380085907,17.476748277109035
4,0.001133883667538029,17.200800408507675,16.77487087344547
4,0.0012495430973586534,16.5730211401538,16.083374540702962
4,0.0013770001251951986,15.965021198835089,15.402946951172797
4,0.001517458140336036,15.37945029274072,14.73417264802951
4,0.0016722432812747068,14.819573604583475,14.077522992124283
4,0.001842816956485632,14.289483893161211,13.433357661106882
4,0.0020307896423553294,13.794428455793494,12.80193753088082
4,0.0022379360885427394,13.341359312015086,12.183446638442895
4,0.0024662120743304703,12.93992754268453,11.57801919760234
4,0.002717772874172606,12.60440322478965,10.985766735940397
4,0.0029949936067820387,12.35770225606037,10.40680052772712
4,0.0033004916598838646,12.240948999224678,9.841245547185956
4,0.003637151402358808,12.341194909794147,9.289243910189244
4,0.004008151417097093,12.906192894541427,8.750947867379269
4,0.004416994511682568,15.642710332623025,8.226504483826226
4,0.004867540790253865,12.653294084907074,7.716035815452251
4,0.005364044098791477,10.416076814563048,7.219619328471159
4,0.005911192187930082,8.968196199259232,6.737273260114723
4,0.00651415097249446,7.818948287909528,6.268950531005128
4,0.007178613305636679,6.834895653892751,5.814542892815231
4,0.007910852728077117,5.960314989630618,5.373894670909465
4,0.0087177826999242,5.167193953425617,4.946823301057588
4,0.009607021874312009,4.440293661792559,4.5331423626683875
4,0.010586966029138566,3.7711507218452525,4.132682270569907
4,0.011666867336050574,3.1548690624862843,3.7453042371252767
4,0.012856921715094902,2.587928824956883,3.370904383409937
4,0.014168365099798567,2.0666702698969814,3.009406680105
4,0.015613579521566553,1.5866216488585785,2.6607454232050856
4,0.017206210014996618,1.1428097058066555,2.3248398839538265
4,0.018961293447875924,0.7308902425034205,2.001565304184118
4,0.020895400492211946,0.34871417916024683,1.6907252409948912
4,0.023026792076721033,-0.0020665067228406997,1.3920301803103348
4,0.0253755917979255,-0.3147597455902975,1.1050862929359067
4,0.02796397591768401,-0.5774430871613951,0.829396399204847
4,0.03081638274102205,-0.774837315062296,0.5643730651291339
4,0.03395974335110968,-0.8925827464800662,0.3093617999720557
4,0.037423735879877934,-0.9217216434560314,0.06367100552581295
4,0.04124106571497687,-0.8590426145867696,-0.17339514556631475
4,0.04544777428865795,-0.7008246285612927,-0.40250440904533624
4,0.050083579364019706,-0.4304896779221359,-0.6242674059013651
4,0.05519225003144003,0.004312195416432019,-0.839213411268287
4,0.06082201995573401,0.7620618969617361,-1.0477716517109896
4,0.06702604277572308,2.57928390494952,-1.2502580748450196
4,0.07386289395588429,2.704452452091644,-1.4468671902704644
4,0.08139712382832602,0.07382265977424396,-1.637668517081631
4,0.08969986704665296,-1.2694627858538041,-1.8226073336868227
4,0.09884951420589624,-2.223312880561796,-2.0015097115430236
4,0.10893245196962958,-2.929989866312667,-2.1740921205920234
4,0.12004387869220161,-3.412619661466426,-2.3399761147468983
4,0.13228870323680647,-3.692326964074386,-2.4987086375627183
4,0.14578253547561118,-3.822689033428251,-2.6497882415193033
4,0.16065277782377413,-3.8662065648142097,-2.7926969365340435
4,0.17703982811310548,-3.8681659058400584,-2.9269364942130194
4,0.1950984051623391,-3.8535833459092927,-3.0520669605918327
4,0.2149990095594233,-3.834181999605331,-3.167744115136604
4,0.2369295334478522,-3.8146200256067075,-3.2737519776915684
4,0.26109703451588046,-3.7960486755620515,-3.3700265062129304
4,0.28772969093779666,-3.77780337000096,-3.456667493386772
4,0.31707895572488665,-3.7580241491547675,-3.533937256217639
4,0.3494219308264567,-3.7335623803095395,-3.602246663484839
4,0.385063983396064,-3.699078325733222,-3.6621308685524254
4,0.42434162892450517,-3.64448906629438,-3.7142183636320842
4,0.46762570846074836,-3.5477239432386654,-3.759197407720366
4,0.5153248899186396,-3.3507800840007143,-3.7977835309093186
4,0.5678895265270656,-2.858405773351283,-3.8306909177224417
4,0.6258159088532511,-0.9942716146425212,-3.858609341711789
4,0.689650950544788,-1.633570242172592,-3.882187248224553
4,0.7599973520309762,-3.2432443253059837,-3.9020207433721494
4,0.837519290936706,-3.6617245917286567,-3.918647711085251
4,0.9229486929350941,-3.8064477695442793,-3.9325460259189384
4,1.0170921422453234,-3.8665586632603013,-3.944134789944059
4,1.12083849702134,-3.8944276984886947,-3.9537776192398275
4,1.2351672815323365,-3.907804263073734,-3.961787170932644
4,1.3611579343700382,-3.913750512056458,-3.968430286027877
4,1.5,-3.9154516653357945,-3.9739332961992586
5,0.0001,44.505495354580795,44.49327088477155
5,0.0001102002906587192,43.53862324089042,43.52375463180751
5,0.00012144104061266207,42.57267277120629,42.55461599715829
5,0.00013382837973412683,41.60782831036807,41.58593433324931
5,0.00014747926345086223,40.64420898574813,40.617805255981786
5,0.00016252257698418858,39.682246007117264,39.650343787269364
5,0.00017910035222261646,38.7221618674881,38.683688016835774
5,0.0001973691087201132,37.76430991824307,37.71800332804931
5,0.00021750133148008824,36.80910085056782,36.753487215576875
5,0.00023968709947764182,35.85700705289936,35.79037469291456
5,0.00026413588029581474,34.90857596680539,34.8289442407083
5,0.00029107850781995444,33.96442573055212,33.86952417699426
5,0.0003207693616626528,33.025255818415225,32.91249923310357
5,0.00035348876889636157,32.09184928485638,31.95831699081424
5,0.00038954565076971864,31.16507553715728,31.00749367858174
5,0.0004292804393966292,30.245892331476917,30.06061864663124
5,0.00047306829195611276,29.33534943597394,29.118356664424816
5,0.0005213226327498746,28.434592461342547,28.18144704889928
5,0.0005744990565600491,27.544873084723484,27.250698596498268
5,0.0006330996301607743,26.667566205125624,26.326979429699747
5,0.0006976776325964496,25.804198503260686,25.41120125192767
5,0.0007688427789821585,24.956492675077158,24.50429817573645
5,0.0008472669771469127,24.126431851988265,23.607201220370648
5,0.0009336906714712427,23.31635007572796,22.720810632382822
5,0.0010289298338146565,22.52905758222486,21.845969118093862
5,0.001133883667538029,21.768016337719835,20.983439569422288
5,0.0012495430973586534,21.037595672504047,20.133890627635992
5,0.0013770001251951986,20.343467414787987,19.297892341715464
5,0.001517458140336036,19.693261275018607,18.47592238410984
5,0.0016722432812747068,19.097736400142516,17.668381197828587
5,0.001842816956485632,18.573054399222386,16.875612622638208
5,0.0020307896423553294,18.145661402397423,16.097925496968884
5,0.0022379360885427394,17.864392565827835,15.335611749266942
5,0.0024662120743304703,17.838109188012957,14.588957569165114
5,0.002717772874172606,18.414935836154932,13.858246096544033
5,0.0029949936067820387,26.024572501372212,13.14375220979096
5,0.0033004916598838646,16.764665232668534,12.445731889517738
5,0.003637151402358808,14.627238954679605,11.764409792091975
5,0.004008151417097093,13.076731554595895,11.09996877783568
5,0.004416994511682568,11.781396879916308,10.452544172859122
5,0.004867540790253865,10.637102344106495,9.822223796676298
5,0.005364044098791477,9.59791753220997,9.209052815668642
5,0.005911192187930082,8.63986570741374,8.613040928161709
5,0.00651415097249446,7.749085200821014,8.034168758500215
5,0.007178613305636679,6.916950626603828,7.472390829662279
5,0.007910852728077117,6.137809774133338,6.927633914421966
5,0.0087177826999242,5.4079759094238256,6.399791442274459
5,0.009607021874312009,4.725406917136027,5.888716326506399
5,0.010586966029138566,4.089661905921105,5.394215496135347
5,0.011666867336050574,3.501742826531867,4.916049241375655
5,0.012856921715094902,2.9635490914814753,4.453937238025265
5,0.014168365099798567,2.4770084867071205,4.0075711845522815
5,0.015613579521566553,2.043397878194007,3.576631958627223
5,0.017206210014996618,1.6635927747791115,3.160807675295077
5,0.018961293447875924,1.3397114405658144,2.7598084189110885
5,0.020895400492211946,1.0780562562293952,2.373373855855795
5,0.023026792076721033,0.8929280994174036,2.0012712795974092
5,0.0253755917979255,0.8111559101427588,1.6432835760543343
5,0.02796397591768401,0.8788901440075634,1.2991887157909732
5,0.03081638274102205,1.1802546257361115,0.9687342470383946
5,0.03395974335110968,1.921468155613674,0.6516114801525354
5,0.037423735879877934,4.196159630816723,0.34743432662122586
5,0.04124106571497687,2.9321531805888696,0.05572698696007894
5,0.04544777428865795,0.7430900694667741,-0.22407696304847047
5,0.050083579364019706,-0.48858683556162674,-0.4926236466790721
5,0.05519225003144003,-1.4107541422897434,-0.7506177119039359
5,0.06082201995573401,-2.1721194539239654,-0.9987939713544352
5,0.06702604277572308,-2.8117994773287194,-1.2378855663886523
5,0.07386289395588429,-3.3194523101950217,-1.468592197535195
5,0.08139712382832602,-3.6668743769846373,-1.6915512138861901
5,0.08969986704665296,-3.8473467103308145,-1.9073133502667066
5,0.09884951420589624,-3.8937550139024495,-2.116323943344411
5,0.10893245196962958,-3.854579804791136,-2.31890974353091
5,0.12004387869220161,-3.7653832138499865,-2.5152710467217707
5,0.13228870323680647,-3.640972018417525,-2.7054787810793552
5,0.14578253547561118,-3.477551657946119,-2.889476322461025
5,0.16065277782377413,-3.2516136840802794,-3.067086072566459
5,0.17703982811310548,-2.9051733961652353,-3.238021101113933
5,0.1950984051623391,-2.283796788539231,-3.4019023111023787
5,0.2149990095594233,-0.7427322777976784,-3.55828152577838
5,0.2369295334478522,-0.06334050092805654,-3.706670532753047
5,0.26109703451588046,-2.941499605051966,-3.8465754234212
5,0.28772969093779666,-4.1036199227666295,-3.977534592790774
5,0.31707895572488665,-4.644004077192061,-4.099157691138407
5,0.3494219308264567,-4.867029594213431,-4.211161927853802
5,0.385063983396064,-4.949797932411229,-4.313401745726662
5,0.42434162892450517,-4.977140119928077,-4.405888262928399
5,0.46762570846074836,-4.983857979762494,-4.488796072209469
5,0.5153248899186396,-4.983494228246066,-4.5624567789143
5,0.5678895265270656,-4.981176505846385,-4.627340619631278
5,0.6258159088532511,-4.978706542214077,-4.68402913510966
5,0.689650950544788,-4.976556024572844,-4.733182799361016
5,0.7599973520309762,-4.97465894467059,-4.77550760234869
5,0.837519290936706,-4.972712915027355,-4.811723971156631
5,0.9229486929350941,-4.970243571553215,-4.842540380351518
5,1.0170921422453234,-4.966469689014847,-4.868632864599408
5,1.12083849702134,-4.959759718729487,-4.8906306530211285
5,1.2351672815323365,-4.945617222174594,-4.909107427838344
5,1.3611579343700382,-4.90699410522652,-4.924577295388008
5,1.5,-4.737734465687414,-4.937494400861595
6,0.0001,51.1428888053266,53.26898597252964
6,0.0001102002906587192,49.958598148765525,52.10613161823759
6,0.00012144104061266207,48.773266497372795,50.94384818916773
6,0.00013382837973412683,47.58694902358318,49.78225459165594
6,0.00014747926345086223,46.39973249564109,48.621493610809914
6,0.00016252257698418858,47.52991565509311,47.46173630034352
6,0.00017910035222261646,46.382302706697246,46.30318699508848
6,0.0001973691087201132,45.204515947577896,45.14608894909093
6,0.00021750133148008824,44.0568678049033,43.990730555448444
6,0.00023968709947764182,42.9121282912337,42.83745203454978
6,0.00026413588029581474,41.7706883701607,41.686652380136735
6,0.00029107850781995444,40.63201601404528,40.53879622440703
6,0.0003207693616626528,39.60554504058715,39.39442012538076
6,0.00035348876889636157,38.49841572555771,38.25413760125863
6,0.00038954565076971864,37.40068818907268,37.118642059594706
6,0.0004292804393966292,36.31362130955054,35.988706633133106
6,0.00047306829195611276,35.24330124378499,34.86517989751446
6,0.0005213226327498746,34.18351350347776,33.74897658148062
6,0.0005744990565600491,33.13963570568875,32.64106275894431
6,0.0006330996301607743,32.113839995197324,31.542435674596526
6,0.0006976776325964496,31.109131393992087,30.45409927022704
6,0.0007688427789821585,30.12798394164399,29.37703751106796
6,0.0008472669771469127,29.174563542669432,28.3121885103838
6,0.0009336906714712427,28.25388854918608,27.260422899407686
6,0.0010289298338146565,27.372455465618373,26.22252961056688
6,0.001133883667538029,26.53933980920697,25.199211129976504
6,0.0012495430973586534,25.767664908057718,24.191088496622125
6,0.0013770001251951986,25.07791529809589,23.19871431238154
6,0.001517458140336036,24.50538022264169,22.222590348076153
6,0.0016722432812747068,24.12051320926132,21.263185489795386
6,0.001842816956485632,24.103983783932776,20.320950021311567
6,0.0020307896423553294,25.29437932333923,19.39632350070918
6,0.0022379360885427394,24.246066158887558,18.489735377066634
6,0.0024662120743304703,21.082951685278914,17.601599442332386
6,0.002717772874172606,19.10544722451798,16.73230465343444
6,0.0029949936067820387,17.498209942371723,15.882205387025987
6,0.0033004916598838646,16.085141392341136,15.051613704884922
6,0.003637151402358808,14.798711030747327,14.24079496399256
6,0.004008151417097093,13.606232382148164,13.449966624683924
6,0.004416994511682568,12.489753862413878,12.67929898602917
6,0.004867540790253865,11.438675282921189,11.928916226224011
6,0.005364044098791477,10.446528833502683,11.19889660792344
6,0.005911192187930082,9.509425070573478,10.48927170795367
6,0.00651415097249446,8.62524364481208,9.800025506978859
6,0.007178613305636679,7.793158036941399,9.131094619163225
6,0.007910852728077117,7.013317242234862,8.482370620458138
6,0.0087177826999242,6.286678438071959,7.853704498764548
6,0.009607021874312009,5.615094015703249,7.244912165204257
6,0.010586966029138566,5.001731317638637,6.655779288882368
6,0.011666867336050574,4.451743637632845,6.086063829340116
6,0.012856921715094902,3.9729891882491444,5.535495567726896
6,0.014168365099798567,3.576816118385537,5.003773332658975
6,0.015613579521566553,3.279774843153696,4.490561904518078
6,0.017206210014996618,3.1088232565943343,3.9954911991124487
6,0.018961293447875924,3.116643819956167,3.518159960718746
6,0.020895400492211946,3.4316946957641576,3.0581448961207798
6,0.023026792076721033,4.520839973954729,2.6150143694056425
6,0.0253755917979255,6.825726941921737,2.1883440529192733
6,0.02796397591768401,2.7947416077867047,1.7777308532516187
6,0.03081638274102205,1.201489523200408,1.3828013376789254
6,0.03395974335110968,0.12172294939929884,1.0032118117613829
6,0.037423735879877934,-0.7143590015022099,0.638638912126452
6,0.04124106571497687,-1.4077396042273733,0.28876167394453134
6,0.04544777428865795,-2.0041392776486546,-0.04676197177049968
6,0.050083579364019706,-2.5159374150066967,-0.36831988652445435
6,0.05519225003144003,-2.9277042098009005,-0.676366707252928
6,0.06082201995573401,-3.2051054249352333,-0.9714367975740963
6,0.06702604277572308,-3.318060420774806,-1.2541463493853993
6,0.07386289395588429,-3.2631295809831187,-1.5251838741070118
6,0.08139712382832602,-3.0525239302943064,-1.7852903856542657
6,0.08969986704665296,-2.6721594550408128,-2.035232138298283
6,0.09884951420589624,-2.0111250036918236,-2.2757695407103955
6,0.10893245196962958,-0.5362442770169835,-2.5076258005053864
6,0.12004387869220161,0.8502854651119947,-2.7314581728775
6,0.13228870323680647,-2.459859445685261,-2.9478337157578456
6,0.14578253547561118,-3.953279195957613,-3.157210499711506
6,0.16065277782377413,-4.9144064121626165,-3.3599244931117718
6,0.17703982811310548,-5.455480918097987,-3.556181931143386
6,0.1950984051623391,-5.662036004607597,-3.746056869522665
6,0.2149990095594233,-5.686928329500017,-3.929493744351775
6,0.2369295334478522,-5.642417123751219,-4.106314999191153
6,0.26109703451588046,-5.57706732635155,-4.276234077663178
6,0.28772969093779666,-5.504550153033147,-4.43887419258898
6,0.31707895572488665,-5.422710939512321,-4.593793160156283
6,0.3494219308264567,-5.318978626350972,-4.740514151116688
6,0.385063983396064,-5.165358532929055,-4.878561445404305
6,0.42434162892450517,-4.894437600702595,-5.007499266351665
6,0.46762570846074836,-4.297967085491813,-5.1269707202075026
6,0.5153248899186396,-2.193673349642797,-5.236733078420909
6,0.5678895265270656,-3.5229851727788883,-5.3366854344906125
6,0.6258159088532511,-5.2449971970180975,-5.426885357248147
6,0.689650950544788,-5.7360527000064,-5.507552536637715
6,0.7599973520309762,-5.891321167333956,-5.579059299374089
6,0.837519290936706,-5.9458253893143755,-5.641909795334931
6,0.9229486929350941,-5.966644570015497,-5.696711138595261
6,1.0170921422453234,-5.974836876486325,-5.744140508540849
6,1.12083849702134,-5.977768224619844,-5.784912114763808
6,1.2351672815323365,-5.978247634150936,-5.819747181063413
6,1.3611579343700382,-5.977420439910414,-5.8493490151868155
6,1.5,-5.9757893989254995,-5.874384110054644
7,0.0001,54.66244785751411,62.03289140136211
7,0.0001102002906587192,53.26727265406093,60.67688515590626
7,0.00012144104061266207,48.90584192116607,59.321680357972724
7,0.00013382837973412683,47.50883484520871,57.9674422181718
7,0.00014747926345086223,46.10979244255161,56.61436834871978
7,0.00016252257698418858,44.708791398016245,55.26269437127985
7,0.00017910035222261646,49.61807287755989,53.91270016159341
7,0.0001973691087201132,48.21228666920566,52.56471664923211
7,0.00021750133148008824,46.80511680562764,51.21913300385655
7,0.00023968709947764182,42.22163061449837,49.87640392208555
7,0.00026413588029581474,40.81129405437138,48.53705658071562
7,0.00029107850781995444,39.40099698214955,47.20169664854565
7,0.0003207693616626528,37.991272925137025,45.87101256756182
7,0.00035348876889636157,42.53051529100816,44.545777157654335
7,0.00038954565076971864,41.09655488599937,43.22684551917233
7,0.0004292804393966292,39.67000728783293,41.915148273058456
7,0.00047306829195611276,38.252667819695986,40.611679462724766
7,0.0005213226327498746,36.74093591034333,39.31747899909419
7,0.0005744990565600491,39.66783531236775,38.033610357275364
7,0.0006330996301607743,38.811470041875616,36.7611352313092
7,0.0006976776325964496,38.1716814808599,35.5010878086823
7,0.0007688427789821585,35.483024377769,34.25445193778914
7,0.0008472669771469127,34.469847032769145,33.022144429046556
7,0.0009336906714712427,33.54020467962461,31.805006885785218
7,0.0010289298338146565,32.723413096776056,30.603806885674544
7,0.001133883667538029,31.732537296009085,29.41924738954468
7,0.0012495430973586534,31.149641871027193,28.251981490392524
7,0.0013770001251951986,30.955970063241594,27.102628571523468
7,0.001517458140336036,31.797638785850907,25.971787944971773
7,0.0016722432812747068,30.72760521437759,24.860047075407646
7,0.001842816956485632,27.307270412438925,23.76798321187036
7,0.0020307896423553294,25.106329714275248,22.696159091154858
7,0.0022379360885427394,23.287121647324703,21.645114767808113
7,0.0024662120743304703,21.665337389250183,20.61535817509308
7,0.002717772874172606,20.172905280240897,19.607356660172357
7,0.0029949936067820387,18.776890367969592,18.62153073999421
7,0.0033004916598838646,17.459236187375467,17.65825018794439
7,0.003637151402358808,16.209485830469745,16.71783177560318
7,0.004008151417097093,15.021399421468907,15.800537816846045
7,0.004416994511682568,13.891360966006296,14.906575012525309
7,0.004867540790253865,12.817539756374657,14.036093630803535
7,0.005364044098791477,11.799438748045759,13.189187394079337
7,0.005911192187930082,10.837675856974954,12.36589437748377
7,0.00651415097249446,9.933945198643158,11.566198847569282
7,0.007178613305636679,9.091143049154468,10.790033586701558
7,0.007910852728077117,8.313654423811528,10.03728216148263
7,0.0087177826999242,7.60785533167369,9.307780895350263
7,0.009607021874312009,6.983073812873656,8.601320809973789
7,0.010586966029138566,6.453621929630977,7.917650156038807
7,0.011666867336050574,6.043239197709575,7.256478072842016
7,0.012856921715094902,5.79554953022739,6.617479369254525
7,0.014168365099798567,5.804304586152092,6.000299681045748
7,0.015613579521566553,6.343699348549656,5.40455976909214
7,0.017206210014996618,9.693236272180258,4.829857835657137
7,0.018961293447875924,5.694339045515832,4.275769516407198
7,0.020895400492211946,3.5635400952240133,3.7418463673977964
7,0.023026792076721033,2.1798781488385686,3.2276146904453977
7,0.0253755917979255,1.1181751760300926,2.7325769147334107
7,0.02796397591768401,0.2614218180203096,2.256217211060344
7,0.03081638274102205,-0.44163346480598875,1.7980116667408907
7,0.03395974335110968,-1.0224681136664415,1.357441637401628
7,0.037423735879877934,-1.500547373792081,0.9340074118830586
7,0.04124106571497687,-1.8782944087485447,0.5272385936874553
7,0.04544777428865795,-2.1333582445383144,0.13669788030869423
7,0.050083579364019706,-2.214384081254778,-0.23802383492270351
7,0.05519225003144003,-2.0408489375422008,-0.5973212116404092
7,0.06082201995573401,-1.4685383408174957,-0.9415951407338792
7,0.06702604277572308,0.060475178344788105,-1.271276659016924
7,0.07386289395588429,1.1524683450941922,-1.5868494073236565
7,0.08139712382832602,-1.9063570002884873,-1.8888659846834592
7,0.08969986704665296,-3.3317577021404645,-2.177954647688564
7,0.09884951420589624,-4.34388112947628,-2.4548146629611303
7,0.10893245196962958,-5.089387497128328,-2.720200736864876
7,0.12004387869220161,-5.5452737035349315,-2.9748987686622996
7,0.13228870323680647,-5.7091863204270865,-3.2196962932598887
7,0.14578253547561118,-5.669406686320613,-3.455351254380303
7,0.16065277782377413,-5.519529825000369,-3.6825623021529963
7,0.17703982811310548,-5.296132887038645,-3.901942932865658
7,0.1950984051623391,-4.975556194242429,-4.114000809634152
7,0.2149990095594233,-4.4462916209806025,-4.319122776782285
7,0.2369295334478522,-3.269367794442026,-4.517565545626207
7,0.26109703451588046,-0.5691436749212002,-4.7094518099965
7,0.28772969093779666,-4.824705598569761,-4.894771589940152
7,0.31707895572488665,-6.222797320381037,-5.0733887992343245
7,0.3494219308264567,-6.77480042616526,-5.245053263835066
7,0.385063983396064,-6.920003761018705,-5.4094185570188795
7,0.42434162892450517,-6.928206760935129,-5.5660659445642375
7,0.46762570846074836,-6.901754229976788,-5.7145343601308785
7,0.5153248899186396,-6.869782027398035,-5.854355626044148
7,0.5678895265270656,-6.838011665592084,-5.985093161889046
7,0.6258159088532511,-6.804208479440117,-6.106381365948614
7,0.689650950544788,-6.761140482820959,-6.217962002144583
7,0.7599973520309762,-6.692613706881691,-6.3197136032141765
7,0.837519290936706,-6.554302498048298,-6.41167035050321
7,0.9229486929350941,-6.175617142533223,-6.494028144850314
7,1.0170921422453234,-4.323395324877634,-6.567137408056336
7,1.12083849702134,-5.471820612219162,-6.631484107388161
7,1.2351672815323365,-6.624710647936499,-6.687662083279368
7,1.3611579343700382,-6.84920929287636,-6.736340624170444
7,1.5,-6.914384101456925,-6.778231264487137
8,0.0001,54.80901759870275,70.78823896095943
8,0.0001102002906587192,53.137755454712135,69.2392632932978
8,0.00012144104061266207,55.474947381194,67.69135511223004
8,0.00013382837973412683,50.570455061054005,66.14473193983736
8,0.00014747926345086223,48.98488237957986,64.59965282504464
8,0.00016252257698418858,47.39817296104785,63.05642502950336
8,0.00017910035222261646,45.810511929293014,61.51541124560697
8,0.0001973691087201132,44.19537466660687,59.977037137839815
8,0.00021750133148008824,42.60626034968962,58.441798868380616
8,0.00023968709947764182,46.028984785077284,56.9102701077736
8,0.00026413588029581474,40.827244166501984,55.38310785150771
8,0.00029107850781995444,39.226481615739985,53.86105618658641
8,0.0003207693616626528,37.62283894108657,52.34494701913477
8,0.00035348876889636157,36.02373434581112,50.83569674404163
8,0.00038954565076971864,34.42619904541354,49.3342979830227
8,0.0004292804393966292,35.226216671240735,47.84180590692566
8,0.00047306829195611276,33.620517300907494,46.35931932578512
8,0.0005213226327498746,32.01754315028899,44.887957636265064
8,0.0005744990565600491,30.418705831820105,43.428835713602446
8,0.0006330996301607743,32.4431071927759,41.9830396677747
8,0.0006976776325964496,30.8671785194324,40.55160673952273
8,0.0007688427789821585,29.30110825380494,39.13551223507068
8,0.0008472669771469127,34.23537173402637,37.73566522248602
8,0.0009336906714712427,32.9842019020809,36.352912948334485
8,0.0010289298338146565,31.85151855534822,34.98805204465351
8,0.001133883667538029,30.32457553669778,33.641843151745974
8,0.0012495430973586534,31.477355426175166,32.31502503871375
8,0.0013770001251951986,29.981956182379818,31.008324823403647
8,0.001517458140336036,43.68690768046784,29.72246227864064
8,0.0016722432812747068,34.42933719978895,28.458147979873495
8,0.001842816956485632,33.697014008324444,27.21607661563145
8,0.0020307896423553294,26.96458182757023,25.996917676135382
8,0.0022379360885427394,25.39944553860532,24.801305773295333
8,0.0024662120743304703,23.612687850281574,23.62983218609516
8,0.002717772874172606,22.14973202646503,22.48303827782426
8,0.0029949936067820387,20.694027292968514,21.361410647244696
8,0.0033004916598838646,19.33498557209262,20.265377529908843
8,0.003637151402358808,18.040787149104077,19.19530604856398
8,0.004008151417097093,16.80699421888353,18.151500189423054
8,0.004416994511682568,15.631209136578292,17.134199582271293
8,0.004867540790253865,14.516772937024797,16.143579157320755
8,0.005364044098791477,13.46633311585235,15.179749608233372
8,0.005911192187930082,12.484456468298106,14.242758478417937
8,0.00651415097249446,11.57764630084786,13.332591718334442
8,0.007178613305636679,10.755633527937462,12.449175695975544
8,0.007910852728077117,10.033366193707337,11.592379735766393
8,0.0087177826999242,9.435378730699185,10.762019200655054
8,0.009607021874312009,9.006378852441493,9.957858950731502
8,0.010586966029138566,8.842961551974724,9.179616872393261
8,0.011666867336050574,9.23342296135106,8.426967234055553
8,0.012856921715094902,12.881864533991212,7.699543895608903
8,0.014168365099798567,8.095261344194604,6.996943698854253
8,0.015613579521566553,5.853666783666199,6.318730440688071
8,0.017206210014996618,4.335151967253147,5.664439542368708
8,0.018961293447875924,3.1346825931921884,5.033582985662754
8,0.020895400492211946,2.1369593053589213,4.425653613892429
8,0.023026792076721033,1.2978550722752473,3.8401278481146086
8,0.0253755917979255,0.6014092082767561,3.276466407784678
8,0.02796397591768401,0.04422556505278408,2.7341135923328874
8,0.03081638274102205,-0.3703575267227066,2.2124966437552285
8,0.03395974335110968,-0.626517818536577,1.7110271686738212
8,0.037423735879877934,-0.6734389641576044,1.2291062283257297
8,0.04124106571497687,-0.3650008506110183,0.7661335309745461
8,0.04544777428865795,0.8460086352509251,0.32151955904739715
8,0.050083579364019706,2.3585488766808638,-0.10530199641811677
8,0.05519225003144003,-1.0534703034356454,-0.5148649040943232
8,0.06082201995573401,-2.502004586313717,-0.9076673739393293
8,0.06702604277572308,-3.4944177567233154,-1.2841773876631963
8,0.07386289395588429,-4.26519268438858,-1.6448465524205327
8,0.08139712382832602,-4.856324567374855,-1.990130575853195
8,0.08969986704665296,-5.223772992432771,-2.3205127007223894
8,0.09884951420589624,-5.315313569645383,-2.6365254581302446
8,0.10893245196962958,-5.140074853970617,-2.9387661753930834
8,0.12004387869220161,-4.716148017140547,-3.2279028024964296
8,0.13228870323680647,-3.9118136663223524,-3.5046684944751743
8,0.14578253547561118,-1.6584334256191937,-3.769845489476836
8,0.16065277782377413,-3.0486729674812594,-4.02424060294676
8,0.17703982811310548,-5.381289311701217,-4.2686557225686155
8,0.1950984051623391,-6.650675073090305,-4.503856911608322
8,0.2149990095594233,-7.288041212642284,-4.7305452487853055
8,0.2369295334478522,-7.445209198777157,-4.9493316489591095
8,0.26109703451588046,-7.385271044409954,-5.160716944533627
8,0.28772969093779666,-7.259009206472271,-5.365077709870077
8,0.31707895572488665,-7.10401569988322,-5.562657808150668
8,0.3494219308264567,-6.9037993619889875,-5.753565448239924
8,0.385063983396064,-6.59165235808846,-5.937775595113008
8,0.42434162892450517,-5.955432047607829,-6.11513777367788
8,0.46762570846074836,-3.676639292060962,-6.285389515364322
8,0.5153248899186396,-5.62076800110701,-6.448175790202949
8,0.5678895265270656,-7.3905257585357695,-6.603074627822041
8,0.6258159088532511,-7.861835599102587,-6.749628678178177
8,0.689650950544788,-7.966090838978612,-6.887381684885504
8,0.7599973520309762,-7.980570206095528,-7.015917832553257
8,0.837519290936706,-7.974700158909702,-7.1349008975903105
8,0.9229486929350941,-7.965295468143665,-7.244109387048601
8,1.0170921422453234,-7.955831977156183,-7.343463709044641
8,1.12083849702134,-7.945811348981923,-7.433042080070253
8,1.2351672815323365,-7.932560375037816,-7.513083306204622
8,1.3611579343700382,-7.909398416874492,-7.583976480324863
8,1.5,-7.854598629662004,-7.646239542593889
9,0.0001,62.416643674742076,79.53716759273091
9,0.0001102002906587192,60.66239641837299,77.79540076045103
9,0.00012144104061266207,58.062180592833016,76.05500109442146
9,0.00013382837973412683,56.17566912672393,74.31624363889053
9,0.00014747926345086223,54.119601571574464,72.57945438297338
9,0.00016252257698418858,52.35095011886078,70.84501778484889
9,0.00017910035222261646,50.58260074604942,69.11338458733718
9,0.0001973691087201132,48.814870763336984,67.38507955473224
9,0.00021750133148008824,46.76178176336131,65.66070859462393
9,0.00023968709947764182,44.99128127594959,63.94096454634942
9,0.00026413588029581474,47.83589545666666,62.226630746477284
9,0.00029107850781995444,41.68313346807524,60.51858136626227
9,0.0003207693616626528,39.90557957983948,58.81777751937669
9,0.00035348876889636157,38.04429483996974,57.12525833365527
9,0.00038954565076971864,36.27019833407542,55.44212663121667
9,0.0004292804393966292,34.49936234714575,53.76952958671783
9,0.00047306829195611276,33.663284273121235,52.10863566990728
9,0.0005213226327498746,31.882567893096706,50.4606101511795
9,0.0005744990565600491,30.086472646612904,48.82659218175411
9,0.0006330996301607743,28.316762649605934,47.20767664589206
9,0.0006976776325964496,27.564831543504,45.60490340377883
9,0.0007688427789821585,26.489451862730064,44.019255201918995
9,0.0008472669771469127,24.73180915285438,42.45166370720435
9,0.0009336906714712427,22.984395071324883,40.903021329362495
9,0.0010289298338146565,23.947708770419354,39.374195290095884
9,0.001133883667538029,22.227031091972904,37.86604015991268
9,0.0012495430973586534,20.783223563684942,36.37940586938727
9,0.0013770001251951986,23.195565848912906,34.91513971106074
9,0.001517458140336036,21.62375133782116,33.47408254846477
9,0.0016722432812747068,19.98065672548401,32.05706078264518
9,0.001842816956485632,23.749755936231125,30.664876226375426
9,0.0020307896423553294,21.854248137961065,29.29829585410895
9,0.0022379360885427394,25.469965620975145,27.958042691417667
9,0.0024662120743304703,23.787364252969198,26.644788295844705
9,0.002717772874172606,22.5563704199068,25.359146715018497
9,0.0029949936067820387,20.986926756768142,24.10166962023586
9,0.0033004916598838646,20.640452978636645,22.8728424035954
9,0.003637151402358808,19.851760144803464,21.673081185105374
9,0.004008151417097093,18.42546958489622,20.50273074860574
9,0.004416994511682568,17.470292343200214,19.3620633942919
9,0.004867540790253865,16.461182538132874,18.251278639236705
9,0.005364044098791477,15.386902721750218,17.170503684815994
9,0.005911192187930082,14.442644395123864,16.11979459646828
9,0.00651415097249446,13.594510050519574,15.099138152852468
9,0.007178613305636679,12.896959877139835,14.108454289186021
9,0.007910852728077117,12.421003135498623,13.147599016640697
9,0.0087177826999242,12.342973525571765,12.216367702571127
9,0.009607021874312009,13.471436738923686,11.314498653655669
9,0.010586966029138566,12.583814496489993,10.441676995121416
9,0.011666867336050574,9.4347863981247,9.597538813449937
9,0.012856921715094902,7.550081998271082,8.781675430810356
9,0.014168365099798567,6.085245483843124,7.993637603807027
9,0.015613579521566553,4.864729438539939,7.232939497773128
9,0.017206210014996618,3.825358754001485,6.499062489941005
9,0.018961293447875924,2.941394937428612,5.791459063802785
9,0.020895400492211946,2.2064855677168964,5.109557074116422
9,0.023026792076721033,1.6304670549065747,4.452764386761421
9,0.0253755917979255,1.2427345996139962,3.8204734417421164
9,0.02796397591768401,1.108062839123356,3.2120649441543776
9,0.03081638274102205,1.3996329138383246,2.6269099591481044
9,0.03395974335110968,2.951763052252339,2.064370277632227
9,0.037423735879877934,2.3135860375674753,1.5237978309656732
9,0.04124106571497687,-0.3635363092977002,1.0045347312549744
9,0.04544777428865795,-1.7780538078585408,0.5059157411619424
9,0.050083579364019706,-2.7512187151207,0.027274390915655644
9,0.05519225003144003,-3.4769566527339606,-0.43204732725027206
9,0.06082201995573401,-4.02606535236842,-0.872687312065338
9,0.06702604277572308,-4.392856661461188,-1.2952526278407221
9,0.07386289395588429,-4.502901707481847,-1.7003130378300462
9,0.08139712382832602,-4.233076200997914,-2.088401592792785
9,0.08969986704665296,-3.33922293102259,-2.4600236279933334
9,0.09884951420589624,0.46459482644639394,-2.8156735412371177
9,0.10893245196962958,-3.354288659230413,-3.1558567222020173
9,0.12004387869220161,-5.236991283897979,-3.48111251110722
9,0.13228870323680647,-6.409794857345702,-3.792033494804441
9,0.14578253547561118,-7.158649060972294,-4.089276973241311
9,0.16065277782377413,-7.457392938193657,-4.373565914103579
9,0.17703982811310548,-7.404878889959072,-4.645678743930795
9,0.1950984051623391,-7.163934258740987,-4.906429342060385
9,0.2149990095594233,-6.780577995429347,-5.156640103978949
9,0.2369295334478522,-6.1260126812870865,-5.397111637642004
9,0.26109703451588046,-4.419258426343255,-5.6285925473901095
9,0.28772969093779666,-4.813433465728288,-5.851752069323421
9,0.31707895572488665,-7.499280077362016,-6.067157373913188
9,0.3494219308264567,-8.54755094206648,-6.275256445038855
9,0.385063983396064,-8.793193108980766,-6.476366775524749
9,0.42434162892450517,-8.761832308530046,-6.67066976240222
9,0.46762570846074836,-8.675154823054172,-6.8582106158328076
9,0.5153248899186396,-8.578710844178445,-7.038903725274913
9,0.5678895265270656,-8.465847299910557,-7.212543633853199
9,0.6258159088532511,-8.30071146810538,-7.378821924827584
9,0.689650950544788,-7.977178594925601,-7.537350295838948
9,0.7599973520309762,-7.02380615176105,-7.687689785695909
9,0.837519290936706,-5.016179167788891,-7.829385477635527
9,0.9229486929350941,-8.32471625557202,-7.962005075337863
9,1.0170921422453234,-8.850628449049928,-8.085178694802924
9,1.12083849702134,-8.957279661627052,-8.198636310791205
9,1.2351672815323365,-8.981332235878583,-8.302238867712061
9,1.3611579343700382,-8.986013152173687,-8.395999376828376
9,1.5,-8.985700443423429,-8.480091449912132
10,0.0001,71.36995101862082,88.28115729753411
10,0.0001102002906587192,69.37088235315252,86.34677292340193
10,0.00012144104061266207,67.36917938962853,84.4140870117821
10,0.00013382837973412683,63.4290468393865,82.4834365094491
10,0.00014747926345086223,60.77808974994764,80.55521871671225
10,0.00016252257698418858,60.27995188048358,78.62989932754208
10,0.00017910035222261646,58.14920237722512,76.70802038100652
10,0.0001973691087201132,56.23501297281197,74.79020757412609
10,0.00021750133148008824,54.32835764103733,72.87717620365173
10,0.00023968709947764182,51.749185813943356,70.9697348359183
10,0.00026413588029581474,48.183346016515486,69.06878569655133
10,0.00029107850781995444,50.4331621853285,67.1753207898347
10,0.0003207693616626528,44.28162130908339,65.29041297405193
10,0.00035348876889636157,42.34466700089533,63.4152016941118
10,0.00038954565076971864,40.288589105336314,61.55087381868104
10,0.0004292804393966292,37.77733182534415,59.698640971316905
10,0.00047306829195611276,35.8367226423175,57.859715697279825
10,0.0005213226327498746,33.97105426532627,56.03528948763848
10,0.0005744990565600491,32.00440687581727,54.22651578777712
10,0.0006330996301607743,29.86230529547055,52.43450045177417
10,0.0006976776325964496,27.933397952874202,50.66030070108431
10,0.0007688427789821585,26.54591982464359,48.904931820964826
10,0.0008472669771469127,24.55351033534741,47.169379103733846
10,0.0009336906714712427,22.637300921092745,45.45461146640797
10,0.0010289298338146565,22.26899070895965,43.761593074691305
10,0.001133883667538029,20.02286562186366,42.091290195779145
10,0.0012495430973586534,18.133417246082104,40.44467203565627
10,0.0013770001251951986,17.175264880635126,38.82270594734955
10,0.001517458140336036,15.317833969072424,37.22634859802762
10,0.0016722432812747068,14.608989044371242,35.656535150496225
10,0.001842816956485632,13.27725425890199,34.1141682665011
10,0.0020307896423553294,14.287537571157046,32.60010806538602
10,0.0022379360885427394,12.680748633233804,31.11516346019024
10,0.0024662120743304703,18.53246971042691,29.660084829628836
10,0.002717772874172606,16.787656569393334,28.23555783888368
10,0.0029949936067820387,15.4466230026854,26.84219828152373
10,0.0033004916598838646,13.68928509976611,25.48054791300661
10,0.003637151402358808,15.562592975628974,24.151071285643262
10,0.004008151417097093,18.987791723661857,22.854153577543748
10,0.004416994511682568,16.238950904371478,21.590099380788196
10,0.004867540790253865,23.435834389386358,20.35913240277311
10,0.005364044098791477,19.376037461866403,19.16139602914416
10,0.005911192187930082,24.242565059870458,17.996954681765256
10,0.00651415097249446,19.191765124622492,16.865795886817615
10,0.007178613305636679,16.719392204150353,15.767832962718018
10,0.007910852728077117,21.685852668005637,14.702908245013084
10,0.0087177826999242,14.637789510077212,13.670796767227813
10,0.009607021874312009,11.96436085102583,12.671210303257542
10,0.010586966029138566,10.090311618616113,11.703801666483024
10,0.011666867336050574,8.546833908632237,10.768169178896464
10,0.012856921715094902,7.223865728920416,9.863861264030959
10,0.014168365099798567,6.080117686908736,8.990381136651184
10,0.015613579521566553,5.099804276595137,8.147191524984208
10,0.017206210014996618,4.284864543037315,7.333719294986061
10,0.018961293447875924,3.655362215011138,6.549359834432089
10,0.020895400492211946,3.262854690959756,5.793481159672687
10,0.023026792076721033,3.2410593509393806,5.065427886955375
10,0.0253755917979255,4.0929726616257085,4.3645253153918
10,0.02796397591768401,5.591444120485704,3.690083753624185
10,0.03081638274102205,1.68190151864394,3.041402881385604
10,0.03395974335110968,-0.06630713423925272,2.417775560150824
10,0.037423735879877934,-1.2672738934574852,1.818490386743715
10,0.04124106571497687,-2.146707583586249,1.242832624272502
10,0.04544777428865795,-2.779043435341265,0.6900838965926557
10,0.050083579364019706,-3.1913950141964236,0.15952186978491234
10,0.05519225003144003,-3.3536112124540622,-0.3495783888564379
10,0.06082201995573401,-3.1136759700244383,-0.8379399349146492
10,0.06702604277572308,-1.8920754881196444,-1.306275927252516
10,0.07386289395588429,-0.5405175225092975,-1.7552791043285954
10,0.08139712382832602,-3.812285656543267,-2.185611181494112
10,0.08969986704665296,-5.226760426169513,-2.5978953615814646
10,0.09884951420589624,-6.189477666689484,-2.9927149689165145
10,0.10893245196962958,-6.854575920367928,-3.3706200669418678
10,0.12004387869220161,-7.156718453842174,-3.7321420830232483
10,0.13228870323680647,-7.047269919481764,-4.077814423582103
10,0.14578253547561118,-6.5598074872571175,-4.408195367457003
10,0.16065277782377413,-5.506388554645866,-4.723888646142552
10,0.17703982811310548,1.5384985035064247,-5.025557315713828
10,0.1950984051623391,-6.215099973624099,-5.313927755237084
10,0.2149990095594233,-8.037363523052683,-5.5897825459098645
10,0.2369295334478522,-8.951026544993645,-5.853943056535239
10,0.26109703451588046,-9.162832860715717,-6.107244242850763
10,0.28772969093779666,-9.044207099377957,-6.350505101252686
10,0.31707895572488665,-8.82281024741308,-6.5844983205827035
10,0.3494219308264567,-8.52172591360047,-6.809922120434907
10,0.385063983396064,-8.023922947459454,-7.027376360894402
10,0.42434162892450517,-6.768446117818684,-7.237344072415405
10,0.46762570846074836,-5.87569120400812,-7.440178813612471
10,0.5153248899186396,-9.046128516782538,-7.636097825553635
10,0.5678895265270656,-9.829941731814905,-7.825180811892616
10,0.6258159088532511,-9.931193047678022,-8.00737425873537
10,0.689650950544788,-9.89631812317937,-8.182501399742645
10,0.7599973520309762,-9.84401525989189,-8.350278097853852
10,0.837519290936706,-9.789158177718939,-8.510334924397744
10,0.9229486929350941,-9.721795048914235,-8.662245459839953
10,1.0170921422453234,-9.609774306800972,-8.80556025777717
10,1.12083849702134,-9.338561682221883,-8.939845029563886
10,1.2351672815323365,-8.154168587400513,-9.064720561203654
10,1.3611579343700382,-8.262905052446172,-9.179900924488006
10,1.5,-9.718099200080005,-9.285226015568789
11,0.0001,76.65832389299838,97.02127293667999
11,0.0001102002906587192,74.50453046655065,94.89443963049946
11,0.00012144104061266207,72.35083675552585,92.76966555788168
11,0.00013382837973412683,70.19750720713685,90.64735310343089
11,0.00014747926345086223,67.8614435656936,88.5279741207812
11,0.00016252257698418858,64.53434294541447,86.41207810534506
11,0.00017910035222261646,62.519713821068024,84.30029977020733
11,0.0001973691087201132,61.25086779057085,82.1933652982662
11,0.00021750133148008824,59.069478119252736,80.09209637483738
11,0.00023968709947764182,56.85839332988,77.9974109962124
11,0.00026413588029581474,58.441512672279515,75.91032006524948
11,0.00029107850781995444,50.93214316534228,73.83191899778896
11,0.0003207693616626528,49.485809468268414,71.76337403345184
11,0.00035348876889636157,58.951919463825305,69.7059036837895
11,0.00038954565076971864,50.85853258930483,67.6607566857885
11,0.0004292804393966292,41.73111270816648,65.62918877394496
11,0.00047306829195611276,39.60022244363937,63.612441258656304
11,0.0005213226327498746,37.47572080083823,61.611724501942064
11,0.0005744990565600491,36.30043123603713,59.628208718361364
11,0.0006330996301607743,33.80885827239047,57.663023134479346
11,0.0006976776325964496,30.54580425305133,55.71726273024255
11,0.0007688427789821585,28.456177875634637,53.79200008143444
11,0.0008472669771469127,28.551866970387124,51.8882987620224
11,0.0009336906714712427,23.9497196998218,50.0072246843947
11,0.0010289298338146565,21.8863743879769,48.14985264539496
11,0.001133883667538029,19.854789511785455,46.31726685749083
11,0.0012495430973586534,17.929479070621383,44.51055583541728
11,0.0013770001251951986,15.899048426920174,42.73080316757928
11,0.001517458140336036,16.29689767069803,40.97907614656243
11,0.0016722432812747068,14.327716858064605,39.25641399927715
11,0.001842816956485632,10.660474269647551,37.56381683237774
11,0.0020307896423553294,10.053567060297695,35.90223575655809
11,0.0022379360885427394,8.279903273667117,34.27256422760419
11,0.0024662120743304703,7.136866017039722,32.67563049609804
11,0.002717772874172606,7.348405173902222,31.11219108888409
11,0.0029949936067820387,5.552463808847378,29.582925315533515
11,0.0033004916598838646,7.78588924840497,28.088430824539614
11,0.003637151402358808,6.312598520899172,26.629220224865854
11,0.004008151417097093,7.75588200523562,25.20571876699477
11,0.004416994511682568,12.688724017379329,23.818263059387952
11,0.004867540790253865,13.47106174903692,22.467100779224083
11,0.005364044098791477,8.551277449930126,21.152391317872528
11,0.005911192187930082,8.762530762775754,19.874207286079148
11,0.00651415097249446,9.67394689585359,18.632536794373088
11,0.007178613305636679,10.851215815656744,17.427286417464746
11,0.007910852728077117,15.137760535566215,16.25828474468465
11,0.0087177826999242,15.061896550416904,15.12528641569208
11,0.009607021874312009,12.849395570756755,14.027976545530294
11,0.010586966029138566,10.95317262932636,12.965975450242922
11,0.011666867336050574,8.980828624315365,11.938843584949215
11,0.012856921715094902,7.8045968171070825,10.946086603776926
11,0.014168365099798567,6.828515024088617,9.98716046097448
11,0.015613579521566553,6.0863290210493375,9.061476500308078
11,0.017206210014996618,5.629395553724834,8.168406503111466
11,0.018961293447875924,5.657604175294438,7.30728765261572
11,0.020895400492211946,7.282462697249443,6.477427326962577
11,0.023026792076721033,5.402007954521395,5.678107611343037
11,0.0253755917979255,2.7198341502713106,4.908589483408155
11,0.02796397591768401,1.09917174393604,4.168116767410975
11,0.03081638274102205,-0.09073819689024276,3.455920063658805
11,0.03395974335110968,-0.9861082970639785,2.7712208017392133
11,0.037423735879877934,-1.6157490180316643,2.1132352957461755
11,0.04124106571497687,-1.9571518141543152,1.4811783315297777
11,0.04544777428865795,-1.9093094436349105,0.8742656513967599
11,0.050083579364019706,-1.029828692972501,0.2917149429758936
11,0.05519225003144003,1.2898268689467756,-0.2672544065461704
11,0.06082201995573401,-2.863776589418478,-0.803421728828349
11,0.06702604277572308,-4.412314759800168,-1.3175640873148424
11,0.07386289395588429,-5.3876324028420655,-1.8104524456755424
11,0.08139712382832602,-6.0628296108858635,-2.282844445480686
11,0.08969986704665296,-6.459653806518411,-2.735474641486567
11,0.09884951420589624,-6.454366938260989,-3.169044433678069
11,0.10893245196962958,-5.829318093660831,-3.5842147766408265
11,0.12004387869220161,-3.6051784457976765,-3.9816046725521135
11,0.13228870323680647,-4.8414696660183125,-4.3617974038480005
11,0.14578253547561118,-7.119968764523307,-4.725354685588983
11,0.16065277782377413,-8.38759893518504,-5.0728368863343025
11,0.17703982811310548,-9.070636524561216,-5.404825734016278
11,0.1950984051623391,-9.169524882071293,-5.721944977234623
11,0.2149990095594233,-8.897733309004423,-6.024874593721523
11,0.2369295334478522,-8.37973331203208,-6.314355306016479
11,0.26109703451588046,-7.3495533408535465,-6.591182050430967
11,0.28772969093779666,-1.4657911974776852,-6.856187116792581
11,0.31707895572488665,-8.58614084638036,-7.110215386093106
11,0.3494219308264567,-10.184599872620993,-7.354095068184282
11,0.385063983396064,-10.579041259664663,-7.588607486135877
11,0.42434162892450517,-10.502368025207936,-7.814458928534083
11,0.46762570846074836,-10.336069451584457,-8.032256701803629
11,0.5153248899186396,-10.134905111610244,-8.242490579156936
11,0.5678895265270656,-9.839069166643313,-8.445520093938587
11,0.6258159088532511,-9.20691845323951,-8.641567674614398
11,0.689650950544788,-6.0657025319376885,-8.830717468198664
11,0.7599973520309762,-9.676461887809758,-9.012919773828402
11,0.837519290936706,-10.812548465027575,-9.188001191422526
11,0.9229486929350941,-10.967985863006845,-9.355680747946206
11,1.0170921422453234,-10.965644770970513,-9.515592263813353
11,1.12083849702134,-10.942208622709103,-9.66731295480368
11,1.2351672815323365,-10.916756179696073,-9.810397671728307
11,1.3611579343700382,-10.886865078924625,-9.944417288712048
11,1.5,-10.838442009764815,-10.068998705777474
12,0.0001,86.2681471819977,105.7583047411376
12,0.0001102002906587192,83.965826837883,103.43918576721381
12,0.00012144104061266207,81.66877913266683,101.12251404301941
12,0.00013382837973412683,79.37790448655973,98.80876008476612
12,0.00014747926345086223,77.09424037548096,96.49847244381884
12,0.00016252257698418858,75.5234059018066,94.19228559240837
12,0.00017910035222261646,68.87694374470807,91.8909266007434
12,0.0001973691087201132,66.68624148920483,89.59521972823921
12,0.00021750133148008824,64.35515337346544,87.30608793401197
12,0.00023968709947764182,61.12360363775285,85.0245503112403
12,0.00026413588029581474,59.49203646286189,82.75171463897547
12,0.00029107850781995444,55.66246321670907,80.48876468573742
12,0.0003207693616626528,53.402673412543905,78.23694261043212
12,0.00035348876889636157,51.067124353003706,75.99752772346642
12,0.00038954565076971864,49.167637287969825,73.77181381999479
12,0.0004292804393966292,46.40706497918855,71.5610880047005
12,0.00047306829195611276,43.163921045429234,69.36661409114264
12,0.0005213226327498746,40.84434747862183,67.18962306929916
12,0.0005744990565600491,38.519556667084686,65.03131180382213
12,0.0006330996301607743,37.82619615504356,62.89284934441217
12,0.0006976776325964496,33.39314157780319,60.775388506685076
12,0.0007688427789821585,31.11397901917718,58.68007925969975
12,0.0008472669771469127,28.814375623329312,56.60808029130709
12,0.0009336906714712427,32.301691546805614,54.5605659329338
12,0.0010289298338146565,23.86492000177836,52.538727084776426
12,0.001133883667538029,21.862303784027006,50.54376636020505
12,0.0012495430973586534,23.52325737364005,48.57688885225342
12,0.0013770001251951986,16.884291147265657,46.6392904233298
12,0.001517458140336036,14.796063199167023,44.73214525007712
12,0.0016722432812747068,15.856634162046191,42.85659378723652
12,0.001842816956485632,10.478629925490637,41.01373169517165
12,0.0020307896423553294,8.329558081507713,39.20459985261294
12,0.0022379360885427394,6.662469346187422,37.43017541015198
12,0.0024662120743304703,4.68012227764271,35.69136384586885
12,0.002717772874172606,4.791481190367122,33.988992039711626
12,0.0029949936067820387,2.6612355583691425,32.32380241419471
12,0.0033004916598838646,2.2097519462301562,30.69644818545929
12,0.003637151402358808,1.6153448743342267,29.10748974901213
12,0.004008151417097093,1.7717721074143213,27.55739220196363
12,0.004416994511682568,1.0797511744941914,26.046523980948244
12,0.004867540790253865,3.823646675470229,24.575156572675567
12,0.005364044098791477,1.462902711375051,23.143465234450822
12,0.005911192187930082,1.4060857594920293,21.7515306461651
12,0.00651415097249446,1.5585775857835102,20.399341402671865
12,0.007178613305636679,3.338996819137776,19.086797246402337
12,0.007910852728077117,6.241850561736328,17.813712935408432
12,0.0087177826999242,4.805276944663177,16.579822640852875
12,0.009607021874312009,4.702479003753666,15.384784768536331
12,0.010586966029138566,8.119930062758755,14.228187102058847
12,0.011666867336050574,9.053396028821282,13.109552172481049
12,0.012856921715094902,7.5818343354340385,12.028342768635724
12,0.014168365099798567,7.6290699199267635,10.983967508176804
12,0.015613579521566553,7.499469539186904,9.97578639268379
12,0.017206210014996618,9.568762772770697,9.003116280312955
12,0.018961293447875924,7.500010744018425,8.065236231662993
12,0.020895400492211946,4.599687146293832,7.161392704092105
12,0.023026792076721033,2.89121163722983,6.290804562535328
12,0.0253755917979255,1.6055334655665376,5.4526678414322625
12,0.02796397591768401,0.6278823575363219,4.646160176232399
12,0.03081638274102205,-0.06256091257326091,3.870444877036846
12,0.03395974335110968,-0.4109825621673622,3.124674736851796
12,0.037423735879877934,-0.208646382375008,2.407995760040416
12,0.04124106571497687,1.8373096148444006,1.7195509386891494
12,0.04544777428865795,-0.37186221870210545,1.05848395614807
12,0.050083579364019706,-2.7211356206383215,0.4239423816901784
12,0.05519225003144003,-4.039774835871782,-0.18492021763926836
12,0.06082201995573401,-4.888882872669058,-0.768943574783739
12,0.06702604277572308,-5.409104838992704,-1.3289611234561
12,0.07386289395588429,-5.590644185367935,-1.8658004386514229
12,0.08139712382832602,-5.200177034364657,-2.3802821922597115
12,0.08969986704665296,-2.974976440203136,-2.873216286238767
12,0.09884951420589624,-4.644857109028422,-3.3453947419928376
12,0.10893245196962958,-6.766020807296009,-3.797582305561523
12,0.12004387869220161,-7.949382512089741,-4.230507066143345
12,0.13228870323680647,-8.696179536780186,-4.644854145008047
12,0.14578253547561118,-8.935688175530686,-5.041265346455679
12,0.16065277782377413,-8.613265252609501,-5.420346536266986
12,0.17703982811310548,-7.677317509232047,-5.782682699278138
12,0.1950984051623391,-3.892001108491357,-6.128858613208339
12,0.2149990095594233,-7.906624529783173,-6.459481418697548
12,0.2369295334478522,-9.876430341237693,-6.775200540033874
12,0.26109703451588046,-10.754354083644088,-7.076720668094849
12,0.28772969093779666,-10.82640585952658,-7.364804796004456
12,0.31707895572488665,-10.570814668182607,-7.6402662346525565
12,0.3494219308264567,-10.167889144404135,-7.90395058268053
12,0.385063983396064,-9.45102535715887,-8.15671024955897
12,0.42434162892450517,-6.83840696272641,-8.39937499173337
12,0.46762570846074836,-9.704314109907727,-8.632721962851148
12,0.5153248899186396,-11.524661549094937,-8.857448187798148
12,0.5678895265270656,-11.809339223297563,-9.074147461338818
12,0.6258159088532511,-11.725745172918536,-9.283292755528784
12,0.689650950544788,-11.600282945598892,-9.48522451241787
12,0.7599973520309762,-11.455673403399707,-9.680144794376847
12,0.837519290936706,-11.234706191612425,-9.868117151852191
12,0.9229486929350941,-10.710370349648336,-10.049072163928537
12,1.0170921422453234,-7.568764372226802,-10.222818788718087
12,1.12083849702134,-11.121161606029112,-10.389061792392926
12,1.2351672815323365,-11.888821048282907,-10.547425477186012
12,1.3611579343700382,-11.979008578221894,-10.697483597030256
12,1.5,-11.983268752628028,-10.838794690010333
13,0.0001,94.16394518293075,114.49285394870253
13,0.0001102002906587192,90.12071892368472,111.98160693942478
13,0.00012144104061266207,87.55924016716727,109.47322015319212
13,0.00013382837973412683,84.9973925426332,106.96823411049549
13,0.00014747926345086223,82.43553353604285,104.46727516257448
13,0.00016252257698418858,79.87407064284085,101.97106265965714
13,0.00017910035222261646,75.87867970412658,99.4804142306379
13,0.0001973691087201132,85.63428102355705,96.99624819659986
13,0.00021750133148008824,78.2200360192803,94.51958211431514
13,0.00023968709947764182,74.33178725685521,92.05152659614878
13,0.00026413588029581474,70.71416066327191,89.5932739455046
13,0.00029107850781995444,61.300988125825,87.1460818107829
13,0.0003207693616626528,59.43988204340009,84.71125294810071
13,0.00035348876889636157,56.965797378516456,82.29011313881605
13,0.00038954565076971864,54.505795218830855,79.88399007302036
13,0.0004292804393966292,51.585036889055786,77.49419628072519
13,0.00047306829195611276,47.61623850642677,75.12201873519577
13,0.0005213226327498746,44.819289512389176,72.76871653621907
13,0.0005744990565600491,42.20626498132388,70.43552635106427
13,0.0006330996301607743,39.12927711493329,68.12367352889717
13,0.0006976776325964496,36.24938726782976,65.83438556078025
13,0.0007688427789821585,33.747686067185654,63.56890422918606
13,0.0008472669771469127,31.061261828142776,61.32849345272385
13,0.0009336906714712427,28.661917016681457,59.11444120485875
13,0.0010289298338146565,33.35589070450476,56.92805546062998
13,0.001133883667538029,23.44548756179576,54.770655379952686
13,0.0012495430973586534,22.29370752856923,52.643559543466694
13,0.0013770001251951986,26.343448989015087,50.54807299315477
13,0.001517458140336036,16.61439224859045,48.48547433091632
13,0.0016722432812747068,14.948050557953266,46.45700352977609
13,0.001842816956485632,14.053222635317624,44.46385067163444
13,0.0020307896423553294,11.44035299935193,42.50714562620278
13,0.0022379360885427394,11.65355716007545,40.58794866465569
13,0.0024662120743304703,10.334419178110963,38.70724204627017
13,0.002717772874172606,5.283135060133887,36.865922650006034
13,0.0029949936067820387,10.035787886692276,35.064795725693685
13,0.0033004916598838646,3.8710398291557055,33.30456982232553
13,0.003637151402358808,3.62509920980213,31.585852926563405
13,0.004008151417097093,1.3442061844509112,29.909149818187622
13,0.004416994511682568,0.5098518463901769,28.274860622771243
13,0.004867540790253865,0.046732227820669436,26.68328051723075
13,0.005364044098791477,-0.33687231863332556,25.13460052236215
13,0.005911192187930082,-0.46782854364901993,23.628909298566334
13,0.00651415097249446,-0.7218517051518774,22.166195847160616
13,0.007178613305636679,-0.3885908041977899,20.746353010154387
13,0.007910852728077117,-0.4319057570221645,19.36918165575223
13,0.0087177826999242,-1.0647841636003648,18.034395434832618
13,0.009607021874312009,-1.167609143921709,16.74162599512938
13,0.010586966029138566,-0.9438422536683646,15.490428544039862
13,0.011666867336050574,0.7942984513910147,14.280287656760773
13,0.012856921715094902,0.47517534176741094,13.11062323393693
13,0.014168365099798567,3.656418668998512,11.980796522897204
13,0.015613579521566553,2.769404322865114,10.89011612711025
13,0.017206210014996618,5.9592753753260155,9.83784393632143
13,0.018961293447875924,3.768486064167732,8.823200916024238
13,0.020895400492211946,3.3857221813063063,7.845372706559338
13,0.023026792076721033,2.510194007388634,6.903515001580331
13,0.0253755917979255,1.7675952817013894,5.996758689762263
13,0.02796397591768401,1.3816530348901352,5.124214734261212
13,0.03081638274102205,1.6006469607343377,4.28497873702938
13,0.03395974335110968,5.053558379307674,3.478135130539428
13,0.037423735879877934,0.41138357504860323,2.7027609995049495
13,0.04124106571497687,-1.7519799066363504,1.9579296433292992
13,0.04544777428865795,-3.080577053581507,1.2427140526406237
13,0.050083579364019706,-3.9493451213151474,0.5561903827505184
13,0.05519225003144003,-4.42347569815675,-0.10255874896096628
13,0.06082201995573401,-4.4339254403629695,-0.7344415923291976
13,0.06702604277572308,-3.4777836821500046,-1.3403557325211644
13,0.07386289395588429,-2.124132788310135,-1.9211878843943566
13,0.08139712382832602,-5.599807860153604,-2.477814539785946
13,0.08969986704665296,-7.003274881363339,-3.011102296781294
13,0.09884951420589624,-7.862719970214911,-3.521906378982525
13,0.10893245196962958,-8.338337989996191,-4.011066210339369
13,0.12004387869220161,-8.273825804452642,-4.479397951914018
13,0.13228870323680647,-7.301721045036459,-4.927685302234364
13,0.14578253547561118,-1.495867288959687,-5.356671083023212
13,0.16065277782377413,-8.139392201061,-5.767052672109041
13,0.17703982811310548,-9.818411414379412,-6.15948392696511
13,0.1950984051623391,-10.71654749817558,-6.534584909111116
13,0.2149990095594233,-10.859181903577984,-6.892958810297527
13,0.2369295334478522,-10.473187551222644,-7.2352135180213635
13,0.26109703451588046,-9.656133667436933,-7.561983794341638
13,0.28772969093779666,-7.037697402412185,-7.8739495065297405
13,0.31707895572488665,-9.590520309043953,-8.171845911491834
13,0.3494219308264567,-11.734670374213017,-8.456463505828829
13,0.385063983396064,-12.310162852362161,-8.728636975966708
13,0.42434162892450517,-12.188264430478014,-8.989224752934604
13,0.46762570846074836,-11.922279673297616,-9.239082100150767
13,0.5153248899186396,-11.551944090256193,-9.479031278893146
13,0.5678895265270656,-10.809639760331258,-9.709832167160153
13,0.6258159088532511,-5.819955058601153,-9.932155992171133
13,0.689650950544788,-11.876374508206162,-10.146563900177986
13,0.7599973520309762,-12.8633869279071,-10.353491218360569
13,0.837519290936706,-12.900055335475102,-10.553237643394416
13,0.9229486929350941,-12.823088115259047,-10.74596327965616
13,1.0170921422453234,-12.737017110841983,-10.931690409560524
13,1.12083849702134,-12.62776811974554,-11.110311010252564
13,1.2351672815323365,-12.417967670091123,-11.281600205403093
13,1.3611579343700382,-11.684569638531116,-11.445235921114017
13,1.5,-10.264244101205506,-11.600824876198931
14,0.0001,100.35379667748047,123.22538743036131
14,0.0001102002906587192,97.61351200730793,120.5221641461307
14,0.00012144104061266207,94.61103335955696,117.8222366977721
14,0.00013382837973412683,91.88695099865983,115.12621669715253
14,0.00014747926345086223,89.16539680562765,112.43480843120334
14,0.00016252257698418858,86.44690052329123,109.74881489630457
14,0.00017910035222261646,83.73203486261419,107.06914123882207
14,0.0001973691087201132,78.8142601121549,104.3967945940702
14,0.00021750133148008824,76.59696070612569,101.73287941757765
14,0.00023968709947764182,73.85926319568621,99.07858773253164
14,0.00026413588029581474,71.1255821130587,96.43518431630085
14,0.00029107850781995444,68.24352739444429,93.80398769049505
14,0.0003207693616626528,63.54752485414045,91.18634873469546
14,0.00035348876889636157,63.04564414175883,88.58362957623771
14,0.00038954565076971864,60.24250688595434,85.9971858158792
14,0.0004292804393966292,57.35363834251969,83.42835487100608
14,0.00047306829195611276,51.5695825510023,80.87845216686011
14,0.0005213226327498746,51.517199846581775,78.34877526325926
14,0.0005744990565600491,49.06214273942906,75.84061420702993
14,0.0006330996301607743,44.80619571321188,73.35526500110505
14,0.0006976776325964496,39.901412739340344,70.894042528091
14,0.0007688427789821585,42.733249662468054,68.4582897127726
14,0.0008472669771469127,34.89105584396805,66.04938094861289
14,0.0009336906714712427,31.710048779696265,63.6687193751434
14,0.0010289298338146565,34.17869995719944,61.317728941742104
14,0.001133883667538029,34.23667669151415,58.997842951845314
14,0.0012495430973586534,25.10252125833084,56.7104908627352
14,0.0013770001251951986,26.168859090149212,54.45708470748204
14,0.001517458140336036,21.007103093752534,52.23900592887392
14,0.0016722432812747068,21.001837358560536,50.05759294593794
14,0.001842816956485632,18.096828392203165,47.914129529737544
14,0.0020307896423553294,16.221834567215637,45.80983401117819
14,0.0022379360885427394,13.895486250364087,43.745849377075416
14,0.0024662120743304703,11.900358661777986,41.72323434860879
14,0.002717772874172606,11.471044589003029,39.742955547138045
14,0.0029949936067820387,9.52194081929892,37.80588084002726
14,0.0033004916598838646,9.009397618296688,35.91277393522457
14,0.003637151402358808,7.715038173368953,34.064290264841745
14,0.004008151417097093,1.1872488718752123,32.26097416800745
14,0.004416994511682568,5.019668084884799,30.503257353964756
14,0.004867540790253865,1.0190719130390988,28.79145859938967
14,0.005364044098791477,0.7334077939524803,27.12578461030639
14,0.005911192187930082,-1.3145538762172464,25.506331959488477
14,0.00651415097249446,-1.4845844718846166,23.93308999524009
14,0.007178613305636679,-1.7899704988510194,22.405944606967743
14,0.007910852728077117,-1.9746718798571976,20.924682726827854
14,0.0087177826999242,-2.169784717237391,19.488997444616018
14,0.009607021874312009,-2.302145737838586,18.09849361437579
14,0.010586966029138566,0.15163928502052215,16.752693835435224
14,0.011666867336050574,-2.6817161195364605,15.45104469726678
14,0.012856921715094902,-2.8715029239896097,14.192923185917046
14,0.014168365099798567,-3.0456517625202366,12.977643159003357
14,0.015613579521566553,3.3909859391705908,11.80446180652578
14,0.017206210014996618,-2.769272789741578,10.67258602608478
14,0.018961293447875924,-0.6572678158214558,9.58117865179246
14,0.020895400492211946,-0.5335502755652755,8.529364484241015
14,0.023026792076721033,6.705850293378234,7.516236076629536
14,0.0253755917979255,3.205168001532442,6.540859245051205
14,0.02796397591768401,3.6426413007446143,5.602278287735409
14,0.03081638274102205,1.6368367086072055,4.69952090506624
14,0.03395974335110968,-0.2559774107203907,3.831602797743841
14,0.037423735879877934,-1.6631412117277904,2.997531899096707
14,0.04124106571497687,-2.6313059940798382,2.19631221030118
14,0.04544777428865795,-3.17366675707396,1.4269472800608352
14,0.050083579364019706,-3.1390349636824055,0.6884434644150605
14,0.05519225003144003,-1.6186491921495474,-0.02018688201778218
14,0.06082201995573401,-2.7879988023409226,-0.6999222765585529
14,0.06702604277572308,-5.331915462522701,-1.3517293025774997
14,0.07386289395588429,-6.599883297814856,-1.976560602868073
14,0.08139712382832602,-7.324475197690177,-2.575354082128289
14,0.08969986704665296,-7.617041632599879,-3.1490332799345726
14,0.09884951420589624,-7.2341052595696596,-3.698508182844799
14,0.10893245196962958,-4.389188116262019,-4.224675159948612
14,0.12004387869220161,-7.174267537393817,-4.728414622236137
14,0.13228870323680647,-9.090831840453504,-5.210585628702013
14,0.14578253547561118,-10.165390507463357,-5.672017870429471
14,0.16065277782377413,-10.651257266787326,-6.1135028370105795
14,0.17703982811310548,-10.404838284141796,-6.535786963755683
14,0.1950984051623391,-9.317552024184614,-6.93956973639008
14,0.2149990095594233,-3.6341592442432784,-7.325508932234437
14,0.2369295334478522,-10.334366572988401,-7.694233569076928
14,0.26109703451588046,-12.021277066596085,-8.046363142745566
14,0.28772969093779666,-12.545023537433572,-8.38252991764951
14,0.31707895572488665,-12.333526276512607,-8.703399915147184
14,0.3494219308264567,-11.833265542281453,-9.009688160289972
14,0.385063983396064,-10.854820731723962,-9.302164738434774
14,0.42434162892450517,-6.02701166967131,-9.581649997711358
14,0.46762570846074836,-12.404106451129962,-9.848999298908716
14,0.5153248899186396,-13.562637210387471,-10.105079501020484
14,0.5678895265270656,-13.54480962996714,-10.350740468081625
14,0.6258159088532511,-13.340333188485133,-10.586785150549876
14,0.689650950544788,-13.086642320577639,-10.8139413592381
14,0.7599973520309762,-12.65744606381466,-11.032837503740637
14,0.837519290936706,-11.26561622206443,-11.243983632594787
14,0.9229486929350941,-12.025820655368953,-11.447758336995914
14,1.0170921422453234,-13.822398366836744,-11.644401591879387
14,1.12083849702134,-13.960382017587634,-11.834013421525224
14,1.2351672815323365,-13.922596969368058,-12.016558322931576
14,1.3611579343700382,-13.87197645837756,-12.191875542960751
14,1.5,-13.811991299273167,-12.359695448722233
15,0.0001,111.87432580266886,131.9562738806607
15,0.0001102002906587192,105.7599724261919,129.0612200159172
15,0.00012144104061266207,101.55464802097111,126.16991791926898
15,0.00013382837973412683,105.51146728373041,123.28305064402397
15,0.00014747926345086223,103.36187843279342,120.40139967448337
15,0.00016252257698418858,101.86100910148241,117.5258494467304
15,0.00017910035222261646,103.35224199206354,114.65738859157673
15,0.0001973691087201132,95.504517487253,111.79710694635074
15,0.00021750133148008824,83.865592512993,108.9461876393527
15,0.00023968709947764182,81.01309530603993,106.10589406975876
15,0.00026413588029581474,78.17167535678323,103.27755238334827
15,0.00029107850781995444,75.34296422841703,100.46253098400481
15,0.0003207693616626528,70.60461074249824,97.66221951456475
15,0.00035348876889636157,66.17191891642295,94.87801029739342
15,0.00038954565076971864,63.73844345600736,92.11128516000832
15,0.0004292804393966292,60.55340578366608,89.36340973508149
15,0.00047306829195611276,62.43627487526854,86.63573581772066
15,0.0005213226327498746,52.92376293743433,83.9296105594797
15,0.0005744990565600491,50.838443393058014,81.2463897172774
15,0.0006330996301607743,48.381134267448004,78.58745135481679
15,0.0006976776325964496,52.54724246488115,75.95420656231396
15,0.0007688427789821585,40.79353567491262,73.34810480865113
15,0.0008472669771469127,40.32343104650516,70.77063305409487
15,0.0009336906714712427,39.7260763350115,68.22330919451281
15,0.0010289298338146565,34.88305756697525,65.7076713460441
15,0.001133883667538029,39.05101088037074,63.22526474424495
15,0.0012495430973586534,32.1309100826586,60.777627745391854
15,0.0013770001251951986,27.430446268821967,58.366277876947734
15,0.001517458140336036,33.41627049591554,55.99269838452258
15,0.0016722432812747068,22.891356005399857,53.658325424094315
15,0.001842816956485632,26.741882196714513,51.36453595191391
15,0.0020307896423553294,24.514367848991697,49.11263638181059
15,0.0022379360885427394,20.923940802540173,46.90385212104636
15,0.0024662120743304703,18.601230002068135,44.739318116850164
15,0.002717772874172606,14.011155059384805,42.62007054118579
15,0.0029949936067820387,13.369564103822185,40.54703972067433
15,0.0033004916598838646,10.999440634763971,38.521044390040345
15,0.003637151402358808,11.292678736095098,36.5427873153302
15,0.004008151417097093,8.071709837575526,34.61285230010516
15,0.004416994511682568,5.800911288163533,32.731702555883146
15,0.004867540790253865,3.7373234968542306,30.899680388826503
15,0.005364044098791477,4.204529032974165,29.117008129160872
15,0.005911192187930082,-1.3690663813394366,27.383790208776844
15,0.00651415097249446,-2.385198493964978,25.70001627626435
15,0.007178613305636679,-2.591508400440617,24.065565227310614
15,0.007910852728077117,-2.709862777523796,22.48021002174444
15,0.0087177826999242,-2.9716538427203005,20.943623156129057
15,0.009607021874312009,-3.041951324571201,19.455382662172923
15,0.010586966029138566,-3.360218191827528,18.014978505729644
15,0.011666867336050574,-3.5988122419020385,16.621819268128817
15,0.012856921715094902,-3.7650346773761925,15.275239000460815
15,0.014168365099798567,-3.060520001198455,13.974504151660394
15,0.015613579521566553,-4.13722537450866,12.71882048209973
15,0.017206210014996618,-4.35283275696321,11.507339885488925
15,0.018961293447875924,-3.7077005284655655,10.33916705333474
15,0.020895400492211946,-4.2960687561572115,9.21336592762847
15,0.023026792076721033,-4.716255321516144,8.12896589716966
15,0.0253755917979255,-4.565689942431945,7.084967700525162
15,0.02796397591768401,0.5056935560912876,6.080349007509916
15,0.03081638274102205,2.4559626441481868,5.114069664524024
15,0.03395974335110968,0.6680584363123501,4.185076601433263
15,0.037423735879877934,-0.8595070651205816,3.2923083956613226
15,0.04124106571497687,-1.1617931387794442,2.434699470593511
15,0.04544777428865795,0.5865232523651258,1.6111838957241709
15,0.050083579364019706,-2.006184942731707,0.8206987922030056
15,0.05519225003144003,-4.389605007676536,0.062187430570888935
15,0.06082201995573401,-5.74063208753978,-0.6653978286237656
15,0.06702604277572308,-6.489515456280586,-1.363092653624916
15,0.07386289395588429,-6.6995761080938365,-2.031918027221556
15,0.08139712382832602,-6.013157416814948,-2.672878063296535
15,0.08969986704665296,-3.2430753384771123,-3.2869588154323193
15,0.09884951420589624,-7.662212442585698,-3.8751282953547204
15,0.10893245196962958,-9.11176344832512,-4.438337338244734
15,0.12004387869220161,-9.922504102745606,-4.977520281763644
15,0.13228870323680647,-10.180500359015639,-5.493594057457079
15,0.14578253547561118,-9.528771585294749,-5.9874545497470315
15,0.16065277782377413,-5.389903911238875,-6.45997001392988
15,0.17703982811310548,-9.742246954821411,-6.911972681937751
15,0.1950984051623391,-11.584878422892729,-7.34425091760273
15,0.2149990095594233,-12.472716929529795,-7.757544896416443
15,0.2369295334478522,-12.451505635099508,-8.152548465687296
15,0.26109703451588046,-11.777644884701921,-8.52991859437536
15,0.28772969093779666,-9.994344672866298,-8.890291959678546
15,0.31707895572488665,-10.533918872732784,-9.234306253276477
15,0.3494219308264567,-13.24692145191117,-9.562622285617259
15,0.385063983396064,-14.012486585811672,-9.875942367790316
15,0.42434162892450517,-13.842533225175877,-10.175020948950129
15,0.46762570846074836,-13.446293707143262,-10.460664948861895
15,0.5153248899186396,-12.77552344791156,-10.733723226910493
15,0.5678895265270656,-10.280665776106353,-10.995066606802583
15,0.6258159088532511,-13.248533942824345,-11.245561328342792
15,0.689650950544788,-14.731904008139864,-11.486039450327922
15,0.7599973520309762,-14.740614199435832,-11.717269592028886
15,0.837519290936706,-14.579700355503093,-11.93993070650754
15,0.9229486929350941,-14.391164196178046,-12.154590651035644
15,1.0170921422453234,-14.080851027200168,-12.361690449654375
15,1.12083849702134,-13.097651341967527,-12.56153451574884
15,1.2351672815323365,-12.783049397704843,-12.754286781913953
15,1.3611579343700382,-14.838610791816038,-12.939972634876161
15,1.5,-14.977861643033798,-13.118486676000439
16,0.0001,123.77427079184005,140.68580857481535
16,0.0001102002906587192,115.33718278126571,137.59906360939806
16,0.00012144104061266207,111.731626777103,134.5165443664336
16,0.00013382837973412683,107.09835905804556,131.43900501294092
16,0.00014747926345086223,103.96208254701261,128.36730272220055
16,0.00016252257698418858,100.82752570160739,125.30240035700174
16,0.00017910035222261646,97.6952550647726,122.24536525882533
16,0.0001973691087201132,94.56588481225975,119.19736333566422
16,0.00021750133148008824,89.67005926630324,116.15964806815123
16,0.00023968709947764182,86.53308407394496,113.13354474842873
16,0.00026413588029581474,83.3633241934929,110.12043116684717
16,0.00029107850781995444,80.2003148512,107.12171689710664
16,0.0003207693616626528,77.04561665638565,104.13882403113641
16,0.00035348876889636157,72.90731145636659,101.17317238111895
16,0.00038954565076971864,73.28485109187693,98.22617158888265
16,0.0004292804393966292,70.97619934616938,95.29922127186857
16,0.00047306829195611276,63.37371792180505,92.39371857806192
16,0.0005213226327498746,61.44730486777371,89.51107082268345
16,0.0005744990565600491,56.38718094171762,86.65270977313692
16,0.0006330996301607743,53.14652821417107,83.82010398356121
16,0.0006976776325964496,55.74043071470072,81.01476636628267
16,0.0007688427789821585,53.418321009373415,78.23825559570581
16,0.0008472669771469127,45.30203645109279,75.492171451406
16,0.0009336906714712427,51.01664277847243,72.7781453355291
16,0.0010289298338146565,48.051390234016594,70.09782768449594
16,0.001133883667538029,38.26135107827798,67.45287387168094
16,0.0012495430973586534,41.47914695290328,64.84492972126917
16,0.0013770001251951986,33.717705830356266,62.275617231890266
16,0.001517458140336036,42.168846530731145,59.746520748664565
16,0.0016722432812747068,30.111414065085995,57.25917367141216
16,0.001842816956485632,26.898107662608922,54.81504577848672
16,0.0020307896423553294,30.830602753031982,52.4155312871665
16,0.0022379360885427394,22.07202110422581,50.061937803696736
16,0.0024662120743304703,21.95758872611013,47.75547632235655
16,0.002717772874172606,18.243271107139932,45.49725241875366
16,0.0029949936067820387,21.100380432097495,43.28825875654985
16,0.0033004916598838646,15.057046556809937,41.129368994508134
16,0.003637151402358808,13.639184973551949,39.02133314544256
16,0.004008151417097093,10.517342154690937,36.96477440279875
16,0.004416994511682568,11.796853612119548,34.96018741616563
16,0.004867540790253865,7.024643611352104,33.00793796555674
16,0.005364044098791477,7.91931047597501,31.108263956930173
16,0.005911192187930082,3.5550230379998595,29.261277638864854
16,0.00651415097249446,1.093310471077075,27.466968922942378
16,0.007178613305636679,-2.1366050154983895,25.725209678231664
16,0.007910852728077117,-1.9314268166081092,24.035758863112335
16,0.0087177826999242,-3.8872176749906515,22.398268355073334
16,0.009607021874312009,-3.9440771039325995,20.81228934051338
16,0.010586966029138566,-4.184038641145776,19.2772791313063
16,0.011666867336050574,-4.386925354724767,17.79260828230217
16,0.012856921715094902,-4.505126556102326,16.357567893338917
16,0.014168365099798567,-4.821319381213925,14.971376990122764
16,0.015613579521566553,-4.745484327511633,13.633189889985807
16,0.017206210014996618,-5.204175385381575,12.34210347050718
16,0.018961293447875924,-5.362092634559772,11.097164270798945
16,0.020895400492211946,-5.570438686453414,9.897375366814561
16,0.023026792076721033,-5.793308092670884,8.741702973367953
16,0.0253755917979255,-5.811577848773652,7.629082735823367
16,0.02796397591768401,-6.030616471873515,6.558425682520703
16,0.03081638274102205,-6.061134458922666,5.528623816260474
16,0.03395974335110968,-3.58416775972627,4.538555333201785
16,0.037423735879877934,-2.6193230551850775,3.5870894697181583
16,0.04124106571497687,-3.2164740550952615,2.6730909825270928
16,0.04544777428865795,-2.5697189997174235,1.7954242559828693
16,0.050083579364019706,-3.601181002479933,0.9529570141099342
16,0.05519225003144003,-5.103942699267407,0.14456362679785428
16,0.06082201995573401,-5.471466043891596,-0.6308719392362452
16,0.06702604277572308,-4.725008858502122,-1.374453397487656
16,0.07386289395588429,-3.7803964303149655,-2.08726951485845
16,0.08139712382832602,-7.258820855280803,-2.7703915873489056
16,0.08969986704665296,-8.66124729714035,-3.4248712686440363
16,0.09884951420589624,-9.365779702051483,-4.051739183682201
16,0.10893245196962958,-9.477531409516828,-4.652004670917266
16,0.12004387869220161,-8.35147071961093,-5.226656551108425
16,0.13228870323680647,-7.54163017114486,-5.776664162145018
16,0.14578253547561118,-10.496690790295986,-6.302977375214434
16,0.16065277782377413,-11.785042159253251,-6.80652429079224
16,0.17703982811310548,-12.347641764982441,-7.288205983691846
16,0.1950984051623391,-11.99253558820665,-7.7488888804750164
16,0.2149990095594233,-10.317233539497579,-8.189396677745314
16,0.2369295334478522,-10.169933726099174,-8.610504609423106
16,0.26109703451588046,-13.016529716055288,-9.012938931911865
16,0.28772969093779666,-14.132029511727694,-9.397383591201717
16,0.31707895572488665,-14.093651561744075,-9.76449436454417
16,0.3494219308264567,-13.511089444329265,-10.1149187835981
16,0.385063983396064,-12.218832811889094,-10.44931840999252
16,0.42434162892450517,-11.149140087611421,-10.768389058198913
16,0.46762570846074836,-14.687905468472806,-11.07287464596897
16,0.5153248899186396,-15.359946865908746,-11.363571489437849
16,0.5678895265270656,-15.148337026587662,-11.641321720603317
16,0.6258159088532511,-14.80266068576698,-11.906996554567172
16,0.689650950544788,-14.22668910941475,-12.16147182430095
16,0.7599973520309762,-11.995642321106565,-12.405599160567649
16,0.837519290936706,-14.697127004882269,-12.640176331266364
16,0.9229486929350941,-15.871452298469691,-12.86591973097022
16,1.0170921422453234,-15.836628570587038,-13.083441133670565
16,1.12083849702134,-15.714718785344068,-13.293229904676823
16,1.2351672815323365,-15.571479707455985,-13.495641139889079
16,1.3611579343700382,-15.309324142763728,-13.690889768879455
16,1.5,-14.266357080270168,-13.879050518763357
