K,nmax,gamma,log_A1_over_factorial,log_A2_weighted_over_factorial,log_weighted_ratio
10,220,0.001,-110.19961815101105,-88.90837809262352,21.29124005838753
10,220,0.0010241522514674126,-111.22511622085251,-88.86584028981252,22.35927593103999
10,220,0.0010488878341857713,-110.71888643838395,-88.82225563860617,21.896630799777782
10,220,0.001074220836918136,-110.22789992441389,-88.77761411423701,21.45028581017688
10,220,0.0011001656887029184,-109.72101887899443,-88.73189701406737,20.989121864927057
10,220,0.0011267371670722905,-108.83150561634012,-88.68509379619287,20.14641182014725
10,220,0.0011539504064691005,-108.31761640311422,-88.6371910677321,19.68042533538211
10,220,0.0011818209068670663,-107.8035728502428,-88.58817619051402,19.215396659728782
10,220,0.0012103645425991655,-107.28933044542863,-88.53803653767534,18.751293907753293
10,220,0.0012395975713992602,-106.77500141288296,-88.48675954257232,18.288241870310642
10,220,0.0012695366436620906,-106.26054141928904,-88.4343328413507,17.826208577938345
10,220,0.0013001988119269122,-105.74595872486573,-88.38074414681856,17.365214578047173
10,220,0.0013316015405902036,-106.14731225165667,-88.3259874624504,17.821324789206272
10,220,0.0013637627158529322,-104.71645926099039,-88.27003184479567,16.446427416194723
10,220,0.0013967006559080937,-105.11541310931098,-88.21289818355238,16.902514925758595
10,220,0.0014304341213742877,-104.59967504883089,-88.15454599937907,16.445129049451822
10,220,0.0014649823259812868,-104.08376174377288,-88.09497312527884,15.988788618494041
10,220,0.0015003649475137035,-103.56771209422126,-88.03416756166882,15.53354453255244
10,220,0.0015366021390189459,-104.17732404933153,-87.97214864743052,16.205175401901016
10,220,0.0015737145402858954,-103.66198502938896,-87.90885605384803,15.753128975540932
10,220,0.0016117232896008056,-103.14672806604912,-87.84429960848958,15.302428457559543
10,220,0.0016506500357871298,-103.12589027111886,-87.77848342752915,15.34740684358971
10,220,0.001690516950536154,-102.11635895132164,-87.7113489402003,14.405010011121348
10,220,0.0017313467410354287,-101.60146556907016,-87.64293009367776,13.958535475392395
10,220,0.0017731626629022017,-101.571433344861,-87.57324806640595,13.998185278455054
10,220,0.0018159885334292445,-101.05343376285319,-87.50221033160777,13.551223431245418
10,220,0.0018598487451505655,-100.5354993110948,-87.42983641404675,13.105662897048049
10,220,0.0019047682797347937,-100.01764625218514,-87.35610931143897,12.661536940746174
10,220,0.0019507727222141014,-99.49989131834485,-87.28100850098001,12.218882817364843
10,220,0.0019978882755567855,-101.7816588534903,-87.2049918820108,14.576666971479497
10,220,0.0020461417755918304,-101.2817127056841,-87.12729057712791,14.154422128556192
10,220,0.0020955607062939025,-100.7823464870975,-87.0482207068689,13.734125780228595
10,220,0.0021461732154375414,-100.38949406287213,-86.96777640469134,13.421717658180796
10,220,0.0021980081306294166,-99.88445730867723,-86.88593884530651,12.998518463370715
10,220,0.002251094975727796,-99.38023992461677,-86.80269885294544,12.577541071671334
10,220,0.002305463987658605,-98.8768931733656,-86.71804203247865,12.158851140886952
10,220,0.0023611461336375994,-105.34314785086221,-86.63230311726463,18.710844733597582
10,220,0.0024181731288085238,-97.87313386835028,-86.54440578970043,11.328728078649846
10,220,0.0024765774543072496,-104.9841333547184,-86.45610760477746,18.528025749940937
10,220,0.002536392375762203,-104.93176886342057,-86.36588110878665,18.56588775463392
10,220,0.0025976519622416426,-103.2307985812636,-86.27423418058001,16.95656440068359
10,220,0.0026603911056585204,-103.01946241987547,-86.18114965403731,16.838312765838154
10,220,0.002724645540644053,-102.87282895233,-86.08662680530058,16.786202147029414
10,220,0.0027904518649012554,-102.82504302088275,-85.99066024713252,16.83438277375022
10,220,0.0028578475600500607,-102.9398124455957,-85.89324498131629,17.04656746427942
10,220,0.0029268710129759217,-103.3792524888155,-85.794376204742,17.584876284073502
10,220,0.0029975615376939997,-101.12448508608402,-85.69404476409206,15.430440321991966
10,220,0.0030699593977414293,-100.58282582099591,-85.59225248128634,14.99057333970957
10,220,0.003144105829110427,-100.04457843292377,-85.48899284511303,14.55558558781074
10,220,0.003220043063735263,-99.51086456768549,-85.38426168039217,14.126602887293316
10,220,0.0032978143535464946,-98.98155403304321,-85.27805505298765,13.703498980055556
10,220,0.003377463995106196,-98.45710416009977,-85.17036898490149,13.286735175198288
10,220,0.0034590373548381327,-101.77915947901967,-85.06125217362495,16.717907305394718
10,220,0.0035425808948673573,-101.11506012212327,-84.95061771774802,16.16444240437525
10,220,0.0036281421994838487,-100.45735026933718,-84.83850013148249,15.618850137854693
10,220,0.0037157700022453144,-99.80577250930754,-84.72489755907742,15.080874950230125
10,220,0.0038055142137346154,-99.16012602028073,-84.609808345824,14.550317674456721
10,220,0.003897425949987547,-98.57312430382055,-84.49323117017882,14.079893133641733
10,220,0.003991557561607266,-103.50050287162621,-84.3751836481268,19.125319223499417
10,220,0.004087962663581861,-102.60543523244925,-84.25563685931472,18.349798373134533
10,220,0.004186696165822084,-101.74223050399274,-84.13460304844335,17.60762745554939
10,220,0.0042878143044366756,-100.90473368032286,-84.01208272736685,16.892650952956018
10,220,0.0043913746737629985,-100.29795081286416,-83.88807682233703,16.40987399052713
10,220,0.00449743625917135,-99.47981850619712,-83.76258615186424,15.717232354332879
10,220,0.00460605947066152,-106.80853755200098,-83.63561466896643,23.17292288303456
10,220,0.0047173061772707945,-108.08228617053882,-83.50716121652684,24.575124954011983
10,220,0.004831239742313023,-105.01405706463247,-83.37722944581097,21.6368276188215
10,220,0.004947925059468725,-106.31626369182072,-83.2458219727342,23.070441719086517
10,220,0.0050674285897469255,-107.36430895072043,-83.11294184507668,24.25136710564375
10,220,0.005189818399339655,-104.91925430359358,-82.97859247384523,21.94066182974835
10,220,0.005315164198390711,-102.53418444234943,-82.84277773442831,19.691406707921118
10,220,0.005443537380700837,-101.6191617603111,-82.70550170571542,18.91366005459568
10,220,0.005575011064391785,-102.00411919059252,-82.56676947950817,19.43734971108435
10,220,0.005709660133552583,-103.00128735030307,-82.42658504688504,20.574702303418036
10,220,0.005847561280891605,-105.4734265365218,-82.28495399924812,23.188472537273682
10,220,0.005988793051418811,-103.22647011372534,-82.14188193256972,21.084588181155624
10,220,0.006133435887182978,-99.7853128653473,-81.99737541228069,17.787937453066604
10,220,0.006281572173089474,-99.91114554893946,-81.85143977114976,18.059705777789702
10,220,0.006433286283824632,-100.3376437249127,-81.70408207569348,18.633561649219217
10,220,0.006588664631913421,-101.9432463303807,-81.55530933847311,20.387936991907594
10,220,0.0067477957169378485,-98.41353387328563,-81.40512932195173,17.008404551333896
10,220,0.0069107701759440615,-98.61839772346791,-81.25354911106653,17.364848612401374
10,220,0.007077680835066965,-99.30112066389297,-81.10057708213365,18.20054358175932
10,220,0.0072486227624015895,-97.81639497059876,-80.94622174226832,16.870173228330444
10,220,0.007423693322151524,-98.3124954187935,-80.790491743878,17.52200367491551
10,220,0.007602992230085087,-99.76898293463935,-80.63339623637134,19.135586698268014
10,220,0.007786621610330886,-99.01289331332201,-80.474944721662,18.53794859166001
10,220,0.007974686053545194,-101.51626017341155,-80.31514697715554,21.201113196256017
10,220,0.008167292676484087,-97.32490270717743,-80.1540130879295,17.17088961924793
10,220,0.008364551183014489,-96.3516053696451,-79.99155340321012,16.36005196643498
10,220,0.008566573926598707,-94.96128546969753,-79.82777866879326,15.133506800904271
10,220,0.008773475974288097,-94.06740725965828,-79.66269972404058,14.404707535617703
10,220,0.008985375172262416,-93.18657758586342,-79.49632781223133,13.69024977363209
10,220,0.009202392212951944,-92.34274457149021,-79.32867448982726,13.01407008166295
10,220,0.009424650703780919,-91.57056431065854,-79.15975141904687,12.41081289161167
10,220,0.009652277237571174,-90.84885361662984,-78.9895707290265,11.859282887603342
10,220,0.009885401464646174,-90.2042642231364,-78.8181446732996,11.386119549836806
10,220,0.010124156166676643,-89.54533486878634,-78.6454862769782,10.899848591808137
10,220,0.010368677332309579,-88.93454285052147,-78.47160847996903,10.462934370552432
10,220,0.010619104234623986,-88.33393272963544,-78.29652501527926,10.037407714356178
10,220,0.01087557951045729,-87.75816255751263,-78.12024979824847,9.637912759264168
10,220,0.011138249241647701,-87.19608937571175,-77.9427972338831,9.253292141828652
10,220,0.0114072630382387,-86.64628674594675,-77.76418200895563,8.882104736991124
10,220,0.011682774123693168,-86.1112707740929,-77.58441902968836,8.526851744404539
10,220,0.011964939422165586,-85.5878790890922,-77.40352334465578,8.184355744436417
10,220,0.012253919647882095,-85.0751827082356,-77.22150999473655,7.853672713499051
10,220,0.012549879396679219,-84.57358357496435,-77.03839389388895,7.535189681075394
10,220,0.012852987239753522,-84.0816705917177,-76.85418974300875,7.22748084870895
10,220,0.0131634158196755,-83.59986514988645,-76.66891200918653,6.930953140699927
10,220,0.013481341948722421,-83.12708773513897,-76.48257489487692,6.644512840262053
10,220,0.01380694670958615,-82.6633207743918,-76.29519247694714,6.36812829744467
10,220,0.014140415558513248,-82.20844024438135,-76.10677889708619,6.101661347295163
10,220,0.01448193843093618,-81.76241761473757,-75.91734864317851,5.8450689715590585
10,220,0.014831709849655738,-81.32513382148018,-75.7269168670729,5.5982169544072775
10,220,0.015189929035636332,-80.89653682544116,-75.53549974069371,5.361037084747451
10,220,0.01555680002147718,-80.4767671285301,-75.34311481359515,5.133652314934949
10,220,0.015932531767624155,-80.06593575315966,-75.14978122269828,4.916154530461384
10,220,0.016317338281388354,-79.664211335706,-74.95551977613393,4.708691559572074
10,220,0.016711438738839294,-79.27186671727043,-74.76035285949912,4.511513857771305
10,220,0.01711505760964201,-78.88922132542845,-74.56430404844902,4.324917276979434
10,220,0.017528424784909347,-78.51668336105693,-74.3673975047456,4.149285856311337
10,220,0.017951775708142114,-78.15475681860224,-74.16965712555766,3.9850996930445746
10,220,0.018385351509331748,-77.80405946238112,-73.97110555358762,3.832953908793499
10,220,0.018829399142301913,-77.46534699421252,-73.77176309562948,3.693583898583043
10,220,0.019284171525367082,-77.1395471644807,-73.5716467508098,3.5679004136708983
10,220,0.019749927685388476,-76.82779925869906,-73.37076944615184,3.457029812547219
10,220,0.020226932905309192,-76.53152630273128,-73.16913968672284,3.362386616008436
10,220,0.020715458875252713,-76.2525168202104,-72.96676173753167,3.285755082678733
10,220,0.021215783847270672,-75.99305571023775,-72.76363642415731,3.229419286080443
10,220,0.021728192793828236,-75.75612268481326,-72.55976264040326,3.1963600444099995
10,220,0.02225297757011721,-75.54569202940012,-72.35513944692084,3.1905525824792704
10,220,0.022790437080289373,-75.36722671066701,-72.1497686689165,3.2174580417505183
10,220,0.02334087744770478,-75.22852254031586,-71.94365772873019,3.2848648115856776
10,220,0.023904612189291817,-75.14125251393774,-71.73682239021517,3.4044301237225767
10,220,0.02448196239411858,-75.1240578600678,-71.52928906825849,3.594768791809301
10,220,0.025073256906277073,-75.20950806709719,-71.32109625003223,3.888411817064963
10,220,0.02567883251218453,-75.46276038664676,-71.11229477869972,4.350465607947044
10,220,0.026299034132408396,-76.04816339059924,-70.90294661965055,5.145216770948693
10,220,0.026934215018124402,-77.67326560827145,-70.69312208868851,6.980143519582938
10,220,0.02758473695231952,-77.87546157871165,-70.48289551151534,7.392566067196313
10,220,0.02825097045585437,-75.07712790583814,-70.27233959514766,4.804788310690483
10,220,0.028933294998502623,-73.63567191227034,-70.0615189047954,3.5741530074749335
10,220,0.029632099215087304,-72.57148835069256,-69.85048302685536,2.721005323837204
10,220,0.03034778112683743,-71.69045647192384,-69.63926012909005,2.0511963428337907
10,220,0.031080748368090806,-70.91940432047419,-69.42785167639639,1.4915526440777995
10,220,0.031831418418472326,-70.2227624624292,-69.21622911529761,1.0065333471315938
10,220,0.032600218840679714,-69.58056296595815,-69.00433320438276,0.5762297615753909
10,220,0.03338758752401251,-68.98049758022442,-68.79207660075912,0.188420979465306
10,220,0.03419397293378271,-68.41446696832843,-68.57935001405602,-0.16488304572759205
10,220,0.035019834366749346,-67.87688122023268,-68.36603189904244,-0.48915067880976437
10,220,0.03586564221272223,-67.36374335540968,-68.1520012858477,-0.7882579304380215
10,220,0.03673187822248417,-66.87211963833747,-67.93715281693491,-1.0650331785974458
10,220,0.037619035782184,-66.39981667847714,-67.7214125877696,-1.3215959092924692
10,220,0.038527620194356904,-65.94517593044932,-67.50475315725745,-1.5595772268081305
10,220,0.039458148965732,-65.50693860744835,-67.28720574531647,-1.7802671378681225
10,220,0.040411152101991005,-65.0841546740889,-67.06886793412376,-1.9847132600348658
10,220,0.04138717240964617,-64.67612064061797,-66.84990542929111,-2.173784788673146
10,220,0.04238676580520911,-64.2823369760531,-66.63054716860898,-2.3482101925558823
10,220,0.043410501631826866,-63.902479478320124,-66.41107376904586,-2.508594290725732
10,220,0.044458962983565296,-63.53638115641718,-66.19179998927066,-2.655418832853485
10,220,0.04553274703752478,-63.18402255235555,-65.9730525540196,-2.7890300016640523
10,220,0.04663246539397719,-62.845529496024255,-65.75514497260596,-2.909615476581706
10,220,0.04775874442471794,-62.521177990420156,-65.53835109006127,-3.017173099641113
10,220,0.04891222562983164,-62.21140678825438,-65.32287913211016,-3.1114723438557803
10,220,0.050093566003074186,-61.91683902229296,-65.10884782740128,-3.1920088051083155
10,220,0.05130343840607989,-61.63831535255151,-64.89626619390842,-3.2579508413569087
10,220,0.05254253195160645,-61.37694278185639,-64.68501856106892,-3.3080757792125226
10,220,0.05381155239603624,-61.13416581847389,-64.47485663037182,-3.340690811897929
10,220,0.05511122254135718,-60.91187092526243,-64.26540058079544,-3.3535296555330163
10,220,0.0564422826468526,-60.71254273000353,-64.0561514079586,-3.3436086779550678
10,220,0.05780549085073417,-60.53950402619648,-63.846516289334645,-3.307012263138162
10,220,0.05920162360195835,-60.39729820865711,-63.635848076613875,-3.2385498679567633
10,220,0.060631476102471986,-60.29232737205973,-63.42349808039382,-3.131170708334089
10,220,0.06209586276013934,-60.23398134788965,-63.208878827825224,-2.9748974799355707
10,220,0.0635956176526082,-60.23679259416032,-62.99153056896074,-2.7547379748004204
10,220,0.06513159500237942,-60.32498653148797,-62.77118273292999,-2.4461962014420138
10,220,0.06670466966335059,-60.54355988823973,-62.5478007674388,-2.004240879199074
10,220,0.06831573761911057,-60.991840297099564,-62.32161016953571,-1.3297698724361453
10,220,0.06996571649326913,-61.974890008346634,-62.09309325782496,-0.11820324947832717
10,220,0.07165554607211228,-66.9755406883182,-61.86295931717795,5.1125813711402515
10,220,0.07338618883988074,-61.62906330888963,-61.63209357997705,-0.0030302710874252625
10,220,0.0751586305269766,-59.84956777979699,-61.40149346495595,-1.551925685158956
10,220,0.07697388067141053,-58.705287955908794,-61.17220111839669,-2.4669131624878986
10,220,0.0788329731938091,-57.81586684666926,-60.94523966383295,-3.1293728171636914
10,220,0.08073696698630976,-57.06700727505088,-60.72155770315945,-3.6545504281085712
10,220,0.08268694651567936,-56.408760049862046,-60.501983544421655,-4.093223494559609
10,220,0.08468402244099858,-55.81480782041604,-60.28718812505885,-4.472380304642805
10,220,0.08672933224626564,-55.26960009988951,-60.077654121238616,-4.808054021349108
10,220,0.08882404088827822,-54.76320814887073,-59.87364804456709,-5.110439895696359
10,220,0.09096934146016371,-54.28893267688499,-59.675192555665106,-5.386259878780116
10,220,0.09316645587093456,-53.84206741550172,-59.48203721132936,-5.639969795827646
10,220,0.095416635541457,-53.41920784962742,-59.29362786090722,-5.874420011279803
10,220,0.09772116211722874,-53.01784080899287,-59.10907783091997,-6.0912370219271
10,220,0.10008134819837194,-52.63608920810573,-58.92714796756279,-6.291058759457059
10,220,0.1024985380872567,-52.27254757141525,-58.74624753880656,-6.473699967391305
10,220,0.1049741085541823,-51.92617348010435,-58.5644722864518,-6.63829880634745
10,220,0.10750946962155049,-51.596215071341724,-58.37969762179593,-6.7834825504542025
10,220,0.11010606536697834,-51.28216298501048,-58.18973954883837,-6.907576563827888
10,220,0.11276537474580908,-50.98371984401513,-57.99258038588053,-7.008860541865403
10,220,0.11548891243348688,-50.700783173332916,-57.7866314747588,-7.085848301425884
10,220,0.11827822968827845,-50.43343969261838,-57.57097873126631,-7.13753903864793
10,220,0.12113491523483026,-50.18197022080703,-57.34554579413155,-7.163575573324522
10,220,0.12406059616906559,-49.946865833659686,-57.11112503119251,-7.164259197532822
10,220,0.12705693888493813,-49.72885725793901,-56.86926732766359,-7.140410069724581
10,220,0.13012565002356682,-49.52896138878146,-56.62206690659865,-7.093105517817186
10,220,0.13326847744529655,-49.348551562926005,-56.37190415932127,-7.023352596395263
10,220,0.1364872112252347,-49.18946277370427,-56.12120756701917,-6.931744793314898
10,220,0.13978368467283242,-49.05415082314789,-55.872273338334914,-6.818122515187021
10,220,0.14315977537609217,-48.945938741722564,-55.62715457872604,-6.681215837003478
10,220,0.146617406270994,-48.86941174322111,-55.38761174980413,-6.518200006583022
10,220,0.15015854673675086,-48.8310797204298,-55.155107199554635,-6.324027479124837
10,220,0.15378521371751824,-48.84055598921527,-54.93082570619691,-6.090269716981645
10,220,0.15749947287119354,-48.91282212469174,-54.71570612048923,-5.802883995797487
10,220,0.16130343974596353,-49.07305269991557,-54.510473608426864,-5.437420908511292
10,220,0.16519928098526684,-49.36851110236306,-54.31566544425725,-4.947154341894191
10,220,0.16918921556185876,-49.905334337056956,-54.13164572875726,-4.226311391700307
10,220,0.17327551604168323,-51.021810534311314,-53.958605190875446,-2.936794656564132
10,220,0.17746050987826767,-62.42882661119029,-53.796542419620714,8.632284191569575
10,220,0.18174658073838285,-50.51836645667881,-53.64522191279387,-3.1268554561150594
10,220,0.18613616985971887,-48.880798126536114,-53.5041036666286,-4.623305540092488
10,220,0.19063177744135182,-47.82672485052846,-53.37223859801768,-5.545513747489224
10,220,0.1952359640677952,-47.0148867544256,-53.248126717163785,-6.233239962738182
10,220,0.1999513521674435,-46.338522750666314,-53.129543219600066,-6.791020468933752
10,220,0.2047806275062408,-45.750135918141595,-53.01335717730764,-7.263221259166045
10,220,0.20972654071742627,-45.22442885460481,-52.895403140296864,-7.670974285692054
10,220,0.2147919088682241,-44.74633768144322,-52.770515212237505,-8.024177530794283
10,220,0.21997961706437502,-44.30618366147919,-52.63287035057834,-8.326686689099148
10,220,0.2252926200934192,-43.89739864827407,-52.47675155918912,-8.579352910915048
10,220,0.2307339441076677,-43.515341623420746,-52.29766532105266,-8.782323697631917
10,220,0.23630668834782426,-43.15663350766421,-52.093464540694185,-8.936831033029975
10,220,0.2420140269082324,-42.81876037137252,-51.86495772212543,-9.046197350752912
10,220,0.2478592105447612,-42.49982548216101,-51.615671417468064,-9.115845935307057
10,220,0.25384556852635287,-42.19838868780272,-51.35090046776988,-9.152511779967163
10,220,0.2599765105312897,-41.913359602209546,-51.07653081145972,-9.163171209250173
10,220,0.2662555285892618,-41.6439254315382,-50.79809346952683,-9.154168037988633
10,220,0.27268619907033886,-41.389502126573774,-50.52024013178036,-9.130738005206588
10,220,0.2792721847219786,-41.1497020005019,-50.246590826527886,-9.096888826025989
10,220,0.2860172367552378,-40.92431367848074,-49.97980974520298,-9.055496066722235
10,220,0.2929251969813648,-40.71329199582424,-49.72177861287777,-9.008486617053528
10,220,0.3,-40.51675667345315,-49.473786133606566,-8.957029460153414
